"regions","iso3","name","year","boreal","temperate","tropical","subtropical","1d_expansion","1d_afforestation","1d_nat_exp","1d_deforestation","1e_reforestation"
"North and Central America","ABW","Aruba","1990-2000",0,0,100,0,"0.00",,,"0.00",
"North and Central America","ABW","Aruba","2000-2010",0,0,100,0,"0.00",,,"0.00",
"North and Central America","ABW","Aruba","2010-2015",0,0,100,0,"0.00",,,"0.00",
"North and Central America","ABW","Aruba","2015-2020",0,0,100,0,"0.00",,,"0.00",
"Asia","AFG","Afghanistan","1990-2000",0,3,0,97,,,,,
"Asia","AFG","Afghanistan","2000-2010",0,3,0,97,,"0.07",,,"0.55"
"Asia","AFG","Afghanistan","2010-2015",0,3,0,97,,"0.07",,,"0.55"
"Asia","AFG","Afghanistan","2015-2020",0,3,0,97,,"0.07",,,"0.55"
"Africa","AGO","Angola","1990-2000",0,0,100,0,,,,,"0.00"
"Africa","AGO","Angola","2000-2010",0,0,100,0,,,,,"0.00"
"Africa","AGO","Angola","2010-2015",0,0,100,0,,,,,"0.00"
"Africa","AGO","Angola","2015-2020",0,0,100,0,,,,,"0.00"
"North and Central America","AIA","Anguilla","1990-2000",0,0,100,0,,,,,
"North and Central America","AIA","Anguilla","2000-2010",0,0,100,0,,,,,
"North and Central America","AIA","Anguilla","2010-2015",0,0,100,0,,,,,
"North and Central America","AIA","Anguilla","2015-2020",0,0,100,0,,,,,
"International Tropical Timber Organization, UNECE, FOREST EUROPE, Europe","ALB","Albania","1990-2000",0,40,0,60,"12.00","0.80","0.40",,
"International Tropical Timber Organization, UNECE, FOREST EUROPE, Europe","ALB","Albania","2000-2010",0,40,0,60,"15.60","0.80","14.80",,
"International Tropical Timber Organization, UNECE, FOREST EUROPE, Europe","ALB","Albania","2010-2015",0,40,0,60,,,,,
"International Tropical Timber Organization, UNECE, FOREST EUROPE, Europe","ALB","Albania","2015-2020",0,40,0,60,,,,,
"FOREST EUROPE, UNECE, Europe","AND","Andorra","1990-2000",0,100,0,0,,,,,
"FOREST EUROPE, UNECE, Europe","AND","Andorra","2000-2010",0,100,0,0,,,,,"0.01"
"FOREST EUROPE, UNECE, Europe","AND","Andorra","2010-2015",0,100,0,0,,,,,
"FOREST EUROPE, UNECE, Europe","AND","Andorra","2015-2020",0,100,0,0,"0.00",,,,
"Asia","ARE","United Arab Emirates","1990-2000",0,0,100,0,,,,,
"Asia","ARE","United Arab Emirates","2000-2010",0,0,100,0,,,,,
"Asia","ARE","United Arab Emirates","2010-2015",0,0,100,0,,,,,
"Asia","ARE","United Arab Emirates","2015-2020",0,0,100,0,,,,,
"South America, Montreal Process","ARG","Argentina","1990-2000",0,"8.00","83.00","9.00","31.00","23.00",,"213.60","8.00"
"South America, Montreal Process","ARG","Argentina","2000-2010",0,"8.00","83.00","9.00","11.00","7.00",,"327.40","3.00"
"South America, Montreal Process","ARG","Argentina","2010-2015",0,"8.00","83.00","9.00","19.00","13.00",,"242.40","6.00"
"South America, Montreal Process","ARG","Argentina","2015-2020",0,"8.00","83.00","9.00","30.00","21.00",,"134.80","16.63"
"Asia, UNECE","ARM","Armenia","1990-2000",0,39,0,61,,,,,
"Asia, UNECE","ARM","Armenia","2000-2010",0,39,0,61,,,,,
"Asia, UNECE","ARM","Armenia","2010-2015",0,39,0,61,,,,,
"Asia, UNECE","ARM","Armenia","2015-2020",0,39,0,61,,,,,
"Oceania","ASM","American Samoa","1990-2000",0,0,100,0,,,,,
"Oceania","ASM","American Samoa","2000-2010",0,0,100,0,,,,,
"Oceania","ASM","American Samoa","2010-2015",0,0,100,0,,,,,
"Oceania","ASM","American Samoa","2015-2020",0,0,100,0,,,,,
"North and Central America","ATG","Antigua and Barbuda","1990-2000",0,0,100,0,,,,,
"North and Central America","ATG","Antigua and Barbuda","2000-2010",0,0,100,0,,,,,
"North and Central America","ATG","Antigua and Barbuda","2010-2015",0,0,100,0,,,,,
"North and Central America","ATG","Antigua and Barbuda","2015-2020",0,0,100,0,,,,,
"Montreal Process, Oceania, International Tropical Timber Organization","AUS","Australia","1990-2000",0,35,15,50,"419.39","45.34","374.05","626.20",
"Montreal Process, Oceania, International Tropical Timber Organization","AUS","Australia","2000-2010",0,35,15,50,"405.50","73.12","332.39","632.30","86.41"
"Montreal Process, Oceania, International Tropical Timber Organization","AUS","Australia","2010-2015",0,35,15,50,"1126.52","8.25","1118.26","416.84","26.12"
"Montreal Process, Oceania, International Tropical Timber Organization","AUS","Australia","2015-2020",0,35,15,50,,,,,
"EU-27, FOREST EUROPE, UNECE, Europe, International Tropical Timber Organization","AUT","Austria","1990-2000",0,100,0,0,"9.70","1.70","8.00","3.45","4.10"
"EU-27, FOREST EUROPE, UNECE, Europe, International Tropical Timber Organization","AUT","Austria","2000-2010",0,100,0,0,"10.30","0.70","9.60","7.79","2.68"
"EU-27, FOREST EUROPE, UNECE, Europe, International Tropical Timber Organization","AUT","Austria","2010-2015",0,100,0,0,"9.40","0.30","9.10","5.80","3.05"
"EU-27, FOREST EUROPE, UNECE, Europe, International Tropical Timber Organization","AUT","Austria","2015-2020",0,100,0,0,"9.40","0.30","9.10","5.81","3.60"
"UNECE, Asia","AZE","Azerbaijan","1990-2000",0,71,0,29,"5.20","4.80","0.40",,"2.00"
"UNECE, Asia","AZE","Azerbaijan","2000-2010",0,71,0,29,"43.25","40.00","3.25",,"91.00"
"UNECE, Asia","AZE","Azerbaijan","2010-2015",0,71,0,29,"90.72","86.00","4.72","81.64","51.30"
"UNECE, Asia","AZE","Azerbaijan","2015-2020",0,71,0,29,"100.52","95.52","5.00","86.36","60.00"
"Espace COMIFAC, Africa","BDI","Burundi","1990-2000",0,0,100,0,"0.00","0.00","0.00","8.25","0.00"
"Espace COMIFAC, Africa","BDI","Burundi","2000-2010",0,0,100,0,"0.00","0.00","0.00","0.00","0.00"
"Espace COMIFAC, Africa","BDI","Burundi","2010-2015",0,0,100,0,"17.14","17.14","0.00","0.00","0.00"
"Espace COMIFAC, Africa","BDI","Burundi","2015-2020",0,0,100,0,"0.00","0.00","0.00","0.00","0.00"
"International Tropical Timber Organization, FOREST EUROPE, EU-27, Europe, UNECE","BEL","Belgium","1990-2000",0,100,0,0,,,,,
"International Tropical Timber Organization, FOREST EUROPE, EU-27, Europe, UNECE","BEL","Belgium","2000-2010",0,100,0,0,,,,,
"International Tropical Timber Organization, FOREST EUROPE, EU-27, Europe, UNECE","BEL","Belgium","2010-2015",0,100,0,0,"1.70","1.00","0.70","1.81","3.35"
"International Tropical Timber Organization, FOREST EUROPE, EU-27, Europe, UNECE","BEL","Belgium","2015-2020",0,100,0,0,"1.50",,"1.50","1.50","3.35"
"International Tropical Timber Organization, Africa","BEN","Benin","1990-2000",0,0,100,0,,,,,
"International Tropical Timber Organization, Africa","BEN","Benin","2000-2010",0,0,100,0,,,,,"7.00"
"International Tropical Timber Organization, Africa","BEN","Benin","2010-2015",0,0,100,0,,,,,"6.00"
"International Tropical Timber Organization, Africa","BEN","Benin","2015-2020",0,0,100,0,,,,,"8.00"
"North and Central America","BES","Bonaire, Sint Eustatius and Saba","1990-2000",0,0,100,0,,,,,"0.00"
"North and Central America","BES","Bonaire, Sint Eustatius and Saba","2000-2010",0,0,100,0,,,,,"0.00"
"North and Central America","BES","Bonaire, Sint Eustatius and Saba","2010-2015",0,0,100,0,,,,,"0.00"
"North and Central America","BES","Bonaire, Sint Eustatius and Saba","2015-2020",0,0,100,0,,,,,"0.00"
"Africa","BFA","Burkina Faso","1990-2000",0,0,100,0,,,,,"6.02"
"Africa","BFA","Burkina Faso","2000-2010",0,0,100,0,,,,,"11.93"
"Africa","BFA","Burkina Faso","2010-2015",0,0,100,0,,,,,"9.64"
"Africa","BFA","Burkina Faso","2015-2020",0,0,100,0,,,,,"13.21"
"Asia","BGD","Bangladesh","1990-2000",0,0,100,0,"7.50","7.50","0.00","7.50","0.00"
"Asia","BGD","Bangladesh","2000-2010",0,0,100,0,"0.00","0.00","0.00","3.20","0.00"
"Asia","BGD","Bangladesh","2010-2015",0,0,100,0,"17.20","0.00","0.00","18.19","0.00"
"Asia","BGD","Bangladesh","2015-2020",0,0,100,0,"0.00","0.00","0.00","0.00","0.00"
"UNECE, FOREST EUROPE, Europe, International Tropical Timber Organization, EU-27","BGR","Bulgaria","1990-2000",0,98,0,2,"4.80","2.90","1.90","0.00","126.59"
"UNECE, FOREST EUROPE, Europe, International Tropical Timber Organization, EU-27","BGR","Bulgaria","2000-2010",0,98,0,2,"36.20","2.94","33.26","0.00","55.78"
"UNECE, FOREST EUROPE, Europe, International Tropical Timber Organization, EU-27","BGR","Bulgaria","2010-2015",0,98,0,2,"19.20","0.40","18.80","0.00","7.11"
"UNECE, FOREST EUROPE, Europe, International Tropical Timber Organization, EU-27","BGR","Bulgaria","2015-2020",0,98,0,2,"12.00","0.10","11.90","0.00","11.44"
"Asia","BHR","Bahrain","1990-2000",0,0,0,100,"0.02","0.02","0.00","0.01",
"Asia","BHR","Bahrain","2000-2010",0,0,0,100,"0.02","0.02","0.00","0.01",
"Asia","BHR","Bahrain","2010-2015",0,0,0,100,"0.02","0.02","0.00","0.00",
"Asia","BHR","Bahrain","2015-2020",0,0,0,100,"0.02","0.02","0.00","0.00",
"North and Central America","BHS","Bahamas","1990-2000",0,0,100,0,,,,,"0.00"
"North and Central America","BHS","Bahamas","2000-2010",0,0,100,0,,,,,"0.00"
"North and Central America","BHS","Bahamas","2010-2015",0,0,100,0,,,,,"0.00"
"North and Central America","BHS","Bahamas","2015-2020",0,0,100,0,,,,,"0.00"
"Europe, UNECE, FOREST EUROPE","BIH","Bosnia and Herzegovina","1990-2000",0,94,0,6,,,,,
"Europe, UNECE, FOREST EUROPE","BIH","Bosnia and Herzegovina","2000-2010",0,94,0,6,,"0.86",,,"2.73"
"Europe, UNECE, FOREST EUROPE","BIH","Bosnia and Herzegovina","2010-2015",0,94,0,6,,"0.46",,,"1.56"
"Europe, UNECE, FOREST EUROPE","BIH","Bosnia and Herzegovina","2015-2020",0,94,0,6,,"0.42",,,"2.58"
"North and Central America","BLM","Saint Barthélemy","1990-2000",0,0,100,0,,"0.00",,,"0.00"
"North and Central America","BLM","Saint Barthélemy","2000-2010",0,0,100,0,,"0.00",,,"0.00"
"North and Central America","BLM","Saint Barthélemy","2010-2015",0,0,100,0,,"0.00",,,"0.00"
"North and Central America","BLM","Saint Barthélemy","2015-2020",0,0,100,0,,"0.00",,,"0.00"
"FOREST EUROPE, Europe, UNECE","BLR","Belarus","1990-2000",0,100,0,0,"55.04","6.68","42.56","5.80","27.55"
"FOREST EUROPE, Europe, UNECE","BLR","Belarus","2000-2010",0,100,0,0,"33.31","6.99","19.12","7.20","34.52"
"FOREST EUROPE, Europe, UNECE","BLR","Belarus","2010-2015",0,100,0,0,"24.00","2.82","17.08","4.10","29.62"
"FOREST EUROPE, Europe, UNECE","BLR","Belarus","2015-2020",0,100,0,0,"30.32","1.77","25.05","3.50","37.24"
"North and Central America","BLZ","Belize","1990-2000",0,0,100,0,"0.00",,,"14.07",
"North and Central America","BLZ","Belize","2000-2010",0,0,100,0,"0.00",,,"6.79",
"North and Central America","BLZ","Belize","2010-2015",0,0,100,0,"0.00",,,"11.71",
"North and Central America","BLZ","Belize","2015-2020",0,0,100,0,"0.00",,,"11.16",
"North and Central America","BMU","Bermuda","1990-2000",0,0,0,100,,,,,
"North and Central America","BMU","Bermuda","2000-2010",0,0,0,100,,,,,
"North and Central America","BMU","Bermuda","2010-2015",0,0,0,100,,,,,
"North and Central America","BMU","Bermuda","2015-2020",0,0,0,100,,,,,
"South America","BOL","Bolivia (Plurinational State of)","1990-2000",0,0,100,0,"0.00",,,"270.33",
"South America","BOL","Bolivia (Plurinational State of)","2000-2010",0,0,100,0,"-1.49",,,"200.05",
"South America","BOL","Bolivia (Plurinational State of)","2010-2015",0,0,100,0,"-21.07",,,"190.69",
"South America","BOL","Bolivia (Plurinational State of)","2015-2020",0,0,100,0,"3.85",,,"242.54","3.00"
"International Tropical Timber Organization, South America","BRA","Brazil","1990-2000",0,0,97,3,"473.86",,,"4254.80","9.41"
"International Tropical Timber Organization, South America","BRA","Brazil","2000-2010",0,0,97,3,"1178.51",,,"5129.30","367.61"
"International Tropical Timber Organization, South America","BRA","Brazil","2010-2015",0,0,97,3,"328.62",,,"1867.80","521.93"
"International Tropical Timber Organization, South America","BRA","Brazil","2015-2020",0,0,97,3,"242.66",,,"1695.70","257.13"
"North and Central America","BRB","Barbados","1990-2000",0,0,100,0,,,,,
"North and Central America","BRB","Barbados","2000-2010",0,0,100,0,,,,,
"North and Central America","BRB","Barbados","2010-2015",0,0,100,0,,,,,
"North and Central America","BRB","Barbados","2015-2020",0,0,100,0,,,,,
"Asia","BRN","Brunei Darussalam","1990-2000","0.00","0.00","100.00","0.00",,,,,
"Asia","BRN","Brunei Darussalam","2000-2010","0.00","0.00","100.00","0.00",,,,,
"Asia","BRN","Brunei Darussalam","2010-2015","0.00","0.00","100.00","0.00",,,,,
"Asia","BRN","Brunei Darussalam","2015-2020","0.00","0.00","100.00","0.00",,,,,
"Asia","BTN","Bhutan","1990-2000","0.00","100.00","0.00","0.00","9.93","0.02","9.91","0.00","0.02"
"Asia","BTN","Bhutan","2000-2010","0.00","100.00","0.00","0.00","10.12","0.16","9.96","0.19","0.16"
"Asia","BTN","Bhutan","2010-2015","0.00","100.00","0.00","0.00","2.32","0.20","2.12","0.34","0.20"
"Asia","BTN","Bhutan","2015-2020","0.00","100.00","0.00","0.00","2.41","0.20","2.21","0.43","0.20"
"Africa","BWA","Botswana","1990-2000",0,0,100,0,,,,,
"Africa","BWA","Botswana","2000-2010",0,0,100,0,,,,,
"Africa","BWA","Botswana","2010-2015",0,0,100,0,,,,,
"Africa","BWA","Botswana","2015-2020",0,0,100,0,,,,,
"International Tropical Timber Organization, Africa, Espace COMIFAC","CAF","Central African Republic","1990-2000",0,0,100,0,"0.00","0.00","0.00","30.00","2.00"
"International Tropical Timber Organization, Africa, Espace COMIFAC","CAF","Central African Republic","2000-2010",0,0,100,0,"0.00","0.00","0.00","30.00","2.50"
"International Tropical Timber Organization, Africa, Espace COMIFAC","CAF","Central African Republic","2010-2015",0,0,100,0,"0.00","0.00","0.00","30.00","3.76"
"International Tropical Timber Organization, Africa, Espace COMIFAC","CAF","Central African Republic","2015-2020",0,0,100,0,"0.00","0.00","0.00","30.00","5.76"
"North and Central America, Montreal Process, UNECE","CAN","Canada","1990-2000","77.00","23.00","0.00","0.00","7.32","7.33",,"54.42","481.08"
"North and Central America, Montreal Process, UNECE","CAN","Canada","2000-2010","77.00","23.00","0.00","0.00","2.47","2.47",,"50.45","471.28"
"North and Central America, Montreal Process, UNECE","CAN","Canada","2010-2015","77.00","23.00","0.00","0.00","0.00",,,"41.30","396.12"
"North and Central America, Montreal Process, UNECE","CAN","Canada","2015-2020","77.00","23.00","0.00","0.00","0.00",,,"37.52","427.16"
"FOREST EUROPE, Europe, UNECE, International Tropical Timber Organization","CHE","Switzerland","1990-2000",0,100,0,0,"5.43","0.08","3.46","1.16","8.64"
"FOREST EUROPE, Europe, UNECE, International Tropical Timber Organization","CHE","Switzerland","2000-2010",0,100,0,0,"4.90","0.07","3.12","1.05","8.93"
"FOREST EUROPE, Europe, UNECE, International Tropical Timber Organization","CHE","Switzerland","2010-2015",0,100,0,0,"4.78","0.00","3.36","1.34","6.58"
"FOREST EUROPE, Europe, UNECE, International Tropical Timber Organization","CHE","Switzerland","2015-2020",0,100,0,0,"4.78","0.00","3.36","1.34","6.67"
"Montreal Process, South America","CHL","Chile","1990-2000",0,"99.00",0,"1.00","67.21","63.61","3.60","10.11","42.84"
"Montreal Process, South America","CHL","Chile","2000-2010",0,"99.00",0,"1.00","105.03","53.24","51.79","14.21","60.17"
"Montreal Process, South America","CHL","Chile","2010-2015",0,"99.00",0,"1.00","185.43","11.24","174.19","11.27","87.34"
"Montreal Process, South America","CHL","Chile","2015-2020",0,"99.00",0,"1.00","132.32","2.44","129.89","9.40","84.31"
"Montreal Process, International Tropical Timber Organization, Asia","CHN","China","1990-2000",7,22,4,67,"2313.54","1185.00","1128.54","327.54","791.27"
"Montreal Process, International Tropical Timber Organization, Asia","CHN","China","2000-2010",7,22,4,67,"2673.74","1572.80","1100.94","312.76","378.13"
"Montreal Process, International Tropical Timber Organization, Asia","CHN","China","2010-2015",7,22,4,67,"2266.74","1220.90","1045.84","329.97","305.37"
"Montreal Process, International Tropical Timber Organization, Asia","CHN","China","2015-2020",7,22,4,67,"2069.99","1067.80","1002.19","133.20","272.74"
"Africa, International Tropical Timber Organization","CIV","Côte d'Ivoire","1990-2000",0,0,100,0,,,,,"13.91"
"Africa, International Tropical Timber Organization","CIV","Côte d'Ivoire","2000-2010",0,0,100,0,,,,,"8.68"
"Africa, International Tropical Timber Organization","CIV","Côte d'Ivoire","2010-2015",0,0,100,0,,,,,"4.38"
"Africa, International Tropical Timber Organization","CIV","Côte d'Ivoire","2015-2020",0,0,100,0,,,,,"17.74"
"International Tropical Timber Organization, Africa, Espace COMIFAC","CMR","Cameroon","1990-2000",0,0,100,0,"0.30","0.30","0.00","90.55",
"International Tropical Timber Organization, Africa, Espace COMIFAC","CMR","Cameroon","2000-2010",0,0,100,0,"2.00","2.00","0.00","71.70",
"International Tropical Timber Organization, Africa, Espace COMIFAC","CMR","Cameroon","2010-2015",0,0,100,0,"2.00","2.00","0.00","58.00",
"International Tropical Timber Organization, Africa, Espace COMIFAC","CMR","Cameroon","2015-2020",0,0,100,0,"2.00","2.00","0.00","58.00",
"International Tropical Timber Organization, Africa, Espace COMIFAC","COD","Democratic Republic of the Congo","1990-2000",0,0,100,0,,,,,
"International Tropical Timber Organization, Africa, Espace COMIFAC","COD","Democratic Republic of the Congo","2000-2010",0,0,100,0,,,,,
"International Tropical Timber Organization, Africa, Espace COMIFAC","COD","Democratic Republic of the Congo","2010-2015",0,0,100,0,,,,,
"International Tropical Timber Organization, Africa, Espace COMIFAC","COD","Democratic Republic of the Congo","2015-2020",0,0,100,0,,,,,
"International Tropical Timber Organization, Espace COMIFAC, Africa","COG","Congo","1990-2000",0,0,100,0,"0.00","0.00","0.00","12.00","0.00"
"International Tropical Timber Organization, Espace COMIFAC, Africa","COG","Congo","2000-2010",0,0,100,0,"0.00","0.00","0.00","12.00","0.00"
"International Tropical Timber Organization, Espace COMIFAC, Africa","COG","Congo","2010-2015",0,0,100,0,"0.00","0.00","0.00","12.00","0.00"
"International Tropical Timber Organization, Espace COMIFAC, Africa","COG","Congo","2015-2020",0,0,100,0,"0.00","0.00","0.00","13.80","0.00"
"Oceania","COK","Cook Islands","1990-2000",0,0,100,0,,,,,
"Oceania","COK","Cook Islands","2000-2010",0,0,100,0,,,,,
"Oceania","COK","Cook Islands","2010-2015",0,0,100,0,,,,,
"Oceania","COK","Cook Islands","2015-2020",0,0,100,0,,,,,
"South America, International Tropical Timber Organization","COL","Colombia","1990-2000",0,0,100,0,"6.87","6.87",,"229.13","119.31"
"South America, International Tropical Timber Organization","COL","Colombia","2000-2010",0,0,100,0,"21.56","21.56",,"214.33","252.81"
"South America, International Tropical Timber Organization","COL","Colombia","2010-2015",0,0,100,0,"8.54","8.54",,"143.17","434.31"
"South America, International Tropical Timber Organization","COL","Colombia","2015-2020",0,0,100,0,"0.68","0.68",,"199.23","496.91"
"Africa","COM","Comoros","1990-2000",0,0,100,0,,,,,
"Africa","COM","Comoros","2000-2010",0,0,100,0,,,,,
"Africa","COM","Comoros","2010-2015",0,0,100,0,,,,,
"Africa","COM","Comoros","2015-2020",0,0,100,0,,,,,
"Africa","CPV","Cabo Verde","1990-2000",0,0,100,0,,,,,
"Africa","CPV","Cabo Verde","2000-2010",0,0,100,0,"3.14","3.14",,"2.84","0.30"
"Africa","CPV","Cabo Verde","2010-2015",0,0,100,0,"2.20","2.20",,"1.90",
"Africa","CPV","Cabo Verde","2015-2020",0,0,100,0,"1.12","1.12",,"0.82",
"North and Central America, International Tropical Timber Organization","CRI","Costa Rica","1990-2000",0,0,100,0,"4.77","4.77","0.00","9.79","4.77"
"North and Central America, International Tropical Timber Organization","CRI","Costa Rica","2000-2010",0,0,100,0,"4.05","3.50","0.55","2.65","3.50"
"North and Central America, International Tropical Timber Organization","CRI","Costa Rica","2010-2015",0,0,100,0,"16.37","3.84","12.53","0.00","3.84"
"North and Central America, International Tropical Timber Organization","CRI","Costa Rica","2015-2020",0,0,100,0,"16.37","2.11","14.26","0.00","2.11"
"North and Central America","CUB","Cuba","1990-2000",0,0,100,0,"37.70",,,"0.00","0.00"
"North and Central America","CUB","Cuba","2000-2010",0,0,100,0,"49.70",,,"0.00","0.00"
"North and Central America","CUB","Cuba","2010-2015",0,0,100,0,"50.40",,,"0.00","0.00"
"North and Central America","CUB","Cuba","2015-2020",0,0,100,0,"11.60",,,"0.00","0.00"
"North and Central America","CUW","Curaçao","1990-2000",0,0,100,0,,,,,"0.00"
"North and Central America","CUW","Curaçao","2000-2010",0,0,100,0,,,,,"0.00"
"North and Central America","CUW","Curaçao","2010-2015",0,0,100,0,,,,,"0.00"
"North and Central America","CUW","Curaçao","2015-2020",0,0,100,0,,,,,"0.00"
"North and Central America","CYM","Cayman Islands","1990-2000",0,0,100,0,"0.00",,,"0.02","0.00"
"North and Central America","CYM","Cayman Islands","2000-2010",0,0,100,0,"0.00",,,"0.02","0.00"
"North and Central America","CYM","Cayman Islands","2010-2015",0,0,100,0,"0.00",,,"0.00","0.00"
"North and Central America","CYM","Cayman Islands","2015-2020",0,0,100,0,"0.00",,,"0.00","0.00"
"UNECE, EU-27, International Tropical Timber Organization, Asia, FOREST EUROPE","CYP","Cyprus","1990-2000",0,0,0,100,,"0.26",,,"0.26"
"UNECE, EU-27, International Tropical Timber Organization, Asia, FOREST EUROPE","CYP","Cyprus","2000-2010",0,0,0,100,,"0.21",,,"0.29"
"UNECE, EU-27, International Tropical Timber Organization, Asia, FOREST EUROPE","CYP","Cyprus","2010-2015",0,0,0,100,,"0.02",,,"0.07"
"UNECE, EU-27, International Tropical Timber Organization, Asia, FOREST EUROPE","CYP","Cyprus","2015-2020",0,0,0,100,,"0.01",,,"0.31"
"EU-27, FOREST EUROPE, International Tropical Timber Organization, UNECE, Europe","CZE","Czechia","1990-2000",0,100,0,0,,,,,"27.93"
"EU-27, FOREST EUROPE, International Tropical Timber Organization, UNECE, Europe","CZE","Czechia","2000-2010",0,100,0,0,,,,,"19.17"
"EU-27, FOREST EUROPE, International Tropical Timber Organization, UNECE, Europe","CZE","Czechia","2010-2015",0,100,0,0,,,,,"20.73"
"EU-27, FOREST EUROPE, International Tropical Timber Organization, UNECE, Europe","CZE","Czechia","2015-2020",0,100,0,0,,,,,"19.57"
"UNECE, Europe, International Tropical Timber Organization, FOREST EUROPE, EU-27","DEU","Germany","1990-2000",0,100,0,0,"12.20","8.00","4.00","6.80","30.00"
"UNECE, Europe, International Tropical Timber Organization, FOREST EUROPE, EU-27","DEU","Germany","2000-2010",0,100,0,0,"11.33","9.00","2.00","5.83","48.00"
"UNECE, Europe, International Tropical Timber Organization, FOREST EUROPE, EU-27","DEU","Germany","2010-2015",0,100,0,0,"9.00","7.00","2.00","7.00","48.00"
"UNECE, Europe, International Tropical Timber Organization, FOREST EUROPE, EU-27","DEU","Germany","2015-2020",0,100,0,0,"7.00","4.00","3.00","7.00","48.00"
"Africa","DJI","Djibouti","1990-2000",0,0,100,0,"0.00","0.00","0.00","0.00","0.00"
"Africa","DJI","Djibouti","2000-2010",0,0,100,0,"0.00","0.00","0.00","0.00","0.00"
"Africa","DJI","Djibouti","2010-2015",0,0,100,0,"0.00","0.00","0.00","0.00","0.00"
"Africa","DJI","Djibouti","2015-2020",0,0,100,0,"0.20","0.20","0.00","0.16","0.00"
"North and Central America","DMA","Dominica","1990-2000",0,0,100,0,,,,,"0.00"
"North and Central America","DMA","Dominica","2000-2010",0,0,100,0,,,,,"0.00"
"North and Central America","DMA","Dominica","2010-2015",0,0,100,0,,,,,"0.00"
"North and Central America","DMA","Dominica","2015-2020",0,0,100,0,,,,,"0.00"
"International Tropical Timber Organization, FOREST EUROPE, EU-27, UNECE, Europe","DNK","Denmark","1990-2000",0,100,0,0,"4.05","4.05","0.00","0.03","4.29"
"International Tropical Timber Organization, FOREST EUROPE, EU-27, UNECE, Europe","DNK","Denmark","2000-2010",0,100,0,0,"1.67","1.66","0.00","0.18","3.47"
"International Tropical Timber Organization, FOREST EUROPE, EU-27, UNECE, Europe","DNK","Denmark","2010-2015",0,100,0,0,"7.90","7.90","0.00","0.26","3.44"
"International Tropical Timber Organization, FOREST EUROPE, EU-27, UNECE, Europe","DNK","Denmark","2015-2020",0,100,0,0,"1.37","1.37","0.00","0.62","3.58"
"North and Central America","DOM","Dominican Republic","1990-2000",0,0,100,0,"38.38","2.78","35.60","0.62","0.17"
"North and Central America","DOM","Dominican Republic","2000-2010",0,0,100,0,"10.32","6.49","3.33","0.25","0.17"
"North and Central America","DOM","Dominican Republic","2010-2015",0,0,100,0,"24.60","6.71","17.89","18.49","0.10"
"North and Central America","DOM","Dominican Republic","2015-2020",0,0,100,0,,,,,"0.10"
"Africa","DZA","Algeria","1990-2000",0,0,0,100,"6.00",,,"14.80","59.00"
"Africa","DZA","Algeria","2000-2010",0,0,0,100,"48.40",,,"14.50","219.00"
"Africa","DZA","Algeria","2010-2015",0,0,0,100,"9.00",,,"1.40","167.00"
"Africa","DZA","Algeria","2015-2020",0,0,0,100,"4.00",,,"5.40","42.00"
"South America, International Tropical Timber Organization","ECU","Ecuador","1990-2000",0,0,100,0,"39.77",,,"129.94",
"South America, International Tropical Timber Organization","ECU","Ecuador","2000-2010",0,0,100,0,"34.85",,,"105.08",
"South America, International Tropical Timber Organization","ECU","Ecuador","2010-2015",0,0,100,0,"54.33",,,"96.13","84.72"
"South America, International Tropical Timber Organization","ECU","Ecuador","2015-2020",0,0,100,0,"22.95",,,"87.22","30.00"
"Africa","EGY","Egypt","1990-2000",0,0,18,82,,,,,
"Africa","EGY","Egypt","2000-2010",0,0,18,82,,,,,
"Africa","EGY","Egypt","2010-2015",0,0,18,82,,,,,
"Africa","EGY","Egypt","2015-2020",0,0,18,82,,,,,
"Africa","ERI","Eritrea","1990-2000",0,0,100,0,,,,,
"Africa","ERI","Eritrea","2000-2010",0,0,100,0,,,,,"1.50"
"Africa","ERI","Eritrea","2010-2015",0,0,100,0,,,,,"1.61"
"Africa","ERI","Eritrea","2015-2020",0,0,100,0,,,,,"0.88"
"Africa","ESH","Western Sahara","1990-2000",0,0,100,0,,,,,
"Africa","ESH","Western Sahara","2000-2010",0,0,100,0,,,,,
"Africa","ESH","Western Sahara","2010-2015",0,0,100,0,,,,,
"Africa","ESH","Western Sahara","2015-2020",0,0,100,0,,,,,
"Europe, UNECE, EU-27, FOREST EUROPE, International Tropical Timber Organization","ESP","Spain","1990-2000",0,32,0,68,,"133.78","185.15",,"90.94"
"Europe, UNECE, EU-27, FOREST EUROPE, International Tropical Timber Organization","ESP","Spain","2000-2010",0,32,0,68,"150.84","40.77","110.07","5.70","34.96"
"Europe, UNECE, EU-27, FOREST EUROPE, International Tropical Timber Organization","ESP","Spain","2010-2015",0,32,0,68,"3.15","10.72",,"1.98","8.94"
"Europe, UNECE, EU-27, FOREST EUROPE, International Tropical Timber Organization","ESP","Spain","2015-2020",0,32,0,68,"7.94","4.66","3.28","3.74","7.69"
"FOREST EUROPE, EU-27, International Tropical Timber Organization, Europe, UNECE","EST","Estonia","1990-2000",0,100,0,0,"3.49","0.70","2.79","0.19","6.20"
"FOREST EUROPE, EU-27, International Tropical Timber Organization, Europe, UNECE","EST","Estonia","2000-2010",0,100,0,0,"16.05","3.21","12.84","6.34","9.16"
"FOREST EUROPE, EU-27, International Tropical Timber Organization, Europe, UNECE","EST","Estonia","2010-2015",0,100,0,0,"28.23","5.64","22.58","11.23","11.61"
"FOREST EUROPE, EU-27, International Tropical Timber Organization, Europe, UNECE","EST","Estonia","2015-2020",0,100,0,0,"8.49","1.70","6.79","5.01","14.79"
"Africa","ETH","Ethiopia","1990-2000",0,0,100,0,"19.00",,,"92.00",
"Africa","ETH","Ethiopia","2000-2010",0,0,100,0,"19.00",,,"92.00",
"Africa","ETH","Ethiopia","2010-2015",0,0,100,0,"19.00",,,"92.00",
"Africa","ETH","Ethiopia","2015-2020",0,0,100,0,"19.00",,,"92.00",
"FOREST EUROPE, Europe, EU-27, UNECE, International Tropical Timber Organization","FIN","Finland","1990-2000","97.40","2.60","0.00","0.00","69.21","9.00","8.65","12.18","105.93"
"FOREST EUROPE, Europe, EU-27, UNECE, International Tropical Timber Organization","FIN","Finland","2000-2010","97.40","2.60","0.00","0.00","-18.27","1.01","0.19","2.09","122.09"
"FOREST EUROPE, Europe, EU-27, UNECE, International Tropical Timber Organization","FIN","Finland","2010-2015","97.40","2.60","0.00","0.00","33.94","4.02","1.16","0.54","122.44"
"FOREST EUROPE, Europe, EU-27, UNECE, International Tropical Timber Organization","FIN","Finland","2015-2020","97.40","2.60","0.00","0.00",,,,,"122.44"
"Oceania, International Tropical Timber Organization","FJI","Fiji","1990-2000",0,0,100,0,,,,,
"Oceania, International Tropical Timber Organization","FJI","Fiji","2000-2010",0,0,100,0,,,,,
"Oceania, International Tropical Timber Organization","FJI","Fiji","2010-2015",0,0,100,0,,,,,
"Oceania, International Tropical Timber Organization","FJI","Fiji","2015-2020",0,0,100,0,,,,,
"South America","FLK","Falkland Islands (Malvinas)","1990-2000",0,100,0,0,"0.00","0.00","0.00","0.00","0.00"
"South America","FLK","Falkland Islands (Malvinas)","2000-2010",0,100,0,0,"0.00","0.00","0.00","0.00","0.00"
"South America","FLK","Falkland Islands (Malvinas)","2010-2015",0,100,0,0,"0.00","0.00","0.00","0.00","0.00"
"South America","FLK","Falkland Islands (Malvinas)","2015-2020",0,100,0,0,"0.00","0.00","0.00","0.00","0.00"
"UNECE, EU-27, FOREST EUROPE, Europe, International Tropical Timber Organization","FRA","France","1990-2000","0.00","100.00","0.00","0.00",,,,,
"UNECE, EU-27, FOREST EUROPE, Europe, International Tropical Timber Organization","FRA","France","2000-2010","0.00","100.00","0.00","0.00",,,,,"35.00"
"UNECE, EU-27, FOREST EUROPE, Europe, International Tropical Timber Organization","FRA","France","2010-2015","0.00","100.00","0.00","0.00",,,,,"43.00"
"UNECE, EU-27, FOREST EUROPE, Europe, International Tropical Timber Organization","FRA","France","2015-2020","0.00","100.00","0.00","0.00",,,,,
"Europe","FRO","Faroe Islands","1990-2000",100,0,0,0,"0.00",,,"0.00",
"Europe","FRO","Faroe Islands","2000-2010",100,0,0,0,"0.00",,,"0.00",
"Europe","FRO","Faroe Islands","2010-2015",100,0,0,0,"0.00",,,"0.00",
"Europe","FRO","Faroe Islands","2015-2020",100,0,0,0,"0.00",,,"0.00",
"Oceania","FSM","Micronesia (Federated States of)","1990-2000",0,0,100,0,,,,,
"Oceania","FSM","Micronesia (Federated States of)","2000-2010",0,0,100,0,,,,,
"Oceania","FSM","Micronesia (Federated States of)","2010-2015",0,0,100,0,,,,,
"Oceania","FSM","Micronesia (Federated States of)","2015-2020",0,0,100,0,,,,,
"International Tropical Timber Organization, Africa, Espace COMIFAC","GAB","Gabon","1990-2000",0,0,100,0,"4.13",,,"10.24",
"International Tropical Timber Organization, Africa, Espace COMIFAC","GAB","Gabon","2000-2010",0,0,100,0,"9.68",,,"14.74",
"International Tropical Timber Organization, Africa, Espace COMIFAC","GAB","Gabon","2010-2015",0,0,100,0,"7.37",,,"19.25",
"International Tropical Timber Organization, Africa, Espace COMIFAC","GAB","Gabon","2015-2020",0,0,100,0,"7.37",,,"19.25",
"International Tropical Timber Organization, UNECE, FOREST EUROPE, Europe","GBR","United Kingdom of Great Britain and Northern Ireland","1990-2000",14,86,0,0,,,,,"15.30"
"International Tropical Timber Organization, UNECE, FOREST EUROPE, Europe","GBR","United Kingdom of Great Britain and Northern Ireland","2000-2010",14,86,0,0,"10.70",,,"0.20","16.00"
"International Tropical Timber Organization, UNECE, FOREST EUROPE, Europe","GBR","United Kingdom of Great Britain and Northern Ireland","2010-2015",14,86,0,0,"19.70",,,"0.50","14.60"
"International Tropical Timber Organization, UNECE, FOREST EUROPE, Europe","GBR","United Kingdom of Great Britain and Northern Ireland","2015-2020",14,86,0,0,,,,,"15.00"
"Asia, FOREST EUROPE, UNECE","GEO","Georgia","1990-2000",0,62,0,38,"0.83","0.60","0.23","0.00","0.03"
"Asia, FOREST EUROPE, UNECE","GEO","Georgia","2000-2010",0,62,0,38,"6.18","4.97","1.20","0.00","0.07"
"Asia, FOREST EUROPE, UNECE","GEO","Georgia","2010-2015",0,62,0,38,"0.00","0.00","0.00","0.00","0.02"
"Asia, FOREST EUROPE, UNECE","GEO","Georgia","2015-2020",0,62,0,38,"0.00","0.00","0.00","0.00","0.05"
"Europe","GGY","Guernsey","1990-2000",0,100,0,0,,,,,
"Europe","GGY","Guernsey","2000-2010",0,100,0,0,,,,,
"Europe","GGY","Guernsey","2010-2015",0,100,0,0,,,,,
"Europe","GGY","Guernsey","2015-2020",0,100,0,0,,,,,
"International Tropical Timber Organization, Africa","GHA","Ghana","1990-2000",0,0,100,0,,,,,
"International Tropical Timber Organization, Africa","GHA","Ghana","2000-2010",0,0,100,0,,,,,
"International Tropical Timber Organization, Africa","GHA","Ghana","2010-2015",0,0,100,0,,,,,
"International Tropical Timber Organization, Africa","GHA","Ghana","2015-2020",0,0,100,0,,,,,
"Europe","GIB","Gibraltar","1990-2000",0,100,0,0,"0.00",,,"0.00","0.00"
"Europe","GIB","Gibraltar","2000-2010",0,100,0,0,"0.00",,,"0.00","0.00"
"Europe","GIB","Gibraltar","2010-2015",0,100,0,0,"0.00",,,"0.00","0.00"
"Europe","GIB","Gibraltar","2015-2020",0,100,0,0,"0.00",,,"0.00","0.00"
"Africa","GIN","Guinea","1990-2000",0,0,100,0,"12.00","12.00","0.00","46.70",
"Africa","GIN","Guinea","2000-2010",0,0,100,0,,,,,"0.91"
"Africa","GIN","Guinea","2010-2015",0,0,100,0,,,,,"0.32"
"Africa","GIN","Guinea","2015-2020",0,0,100,0,,,,,
"North and Central America","GLP","Guadeloupe","1990-2000",0,0,100,0,"0.16","0.00","0.16","0.25","0.00"
"North and Central America","GLP","Guadeloupe","2000-2010",0,0,100,0,"0.11","0.00","0.11","0.18","0.00"
"North and Central America","GLP","Guadeloupe","2010-2015",0,0,100,0,"0.39","0.00","0.39","0.26","0.00"
"North and Central America","GLP","Guadeloupe","2015-2020",0,0,100,0,"0.19","0.00","0.19","0.25","0.00"
"Africa","GMB","Gambia","1990-2000",0,0,100,0,,,,,
"Africa","GMB","Gambia","2000-2010",0,0,100,0,,,,,
"Africa","GMB","Gambia","2010-2015",0,0,100,0,,,,,
"Africa","GMB","Gambia","2015-2020",0,0,100,0,,,,,
"Africa","GNB","Guinea-Bissau","1990-2000",0,0,100,0,,,,,
"Africa","GNB","Guinea-Bissau","2000-2010",0,0,100,0,,,,,
"Africa","GNB","Guinea-Bissau","2010-2015",0,0,100,0,,,,,
"Africa","GNB","Guinea-Bissau","2015-2020",0,0,100,0,,,,,
"Africa, Espace COMIFAC","GNQ","Equatorial Guinea","1990-2000",0,0,100,0,,,,,
"Africa, Espace COMIFAC","GNQ","Equatorial Guinea","2000-2010",0,0,100,0,"0.00",,,"8.36",
"Africa, Espace COMIFAC","GNQ","Equatorial Guinea","2010-2015",0,0,100,0,"0.00",,,"8.36",
"Africa, Espace COMIFAC","GNQ","Equatorial Guinea","2015-2020",0,0,100,0,"0.00",,,"8.36",
"EU-27, FOREST EUROPE, International Tropical Timber Organization, UNECE, Europe","GRC","Greece","1990-2000",0,11,0,89,,,,,
"EU-27, FOREST EUROPE, International Tropical Timber Organization, UNECE, Europe","GRC","Greece","2000-2010",0,11,0,89,,,,,
"EU-27, FOREST EUROPE, International Tropical Timber Organization, UNECE, Europe","GRC","Greece","2010-2015",0,11,0,89,,,,,
"EU-27, FOREST EUROPE, International Tropical Timber Organization, UNECE, Europe","GRC","Greece","2015-2020",0,11,0,89,,,,,
"North and Central America","GRD","Grenada","1990-2000",0,0,100,0,,,,,
"North and Central America","GRD","Grenada","2000-2010",0,0,100,0,,,,,
"North and Central America","GRD","Grenada","2010-2015",0,0,100,0,,,,,
"North and Central America","GRD","Grenada","2015-2020",0,0,100,0,,,,,
"North and Central America","GRL","Greenland","1990-2000",100,0,0,0,"0.00","0.00","0.00","0.00","0.00"
"North and Central America","GRL","Greenland","2000-2010",100,0,0,0,"0.00","0.00","0.00","0.00","0.00"
"North and Central America","GRL","Greenland","2010-2015",100,0,0,0,"0.00","0.00","0.00","0.00","0.00"
"North and Central America","GRL","Greenland","2015-2020",100,0,0,0,"0.00","0.00","0.00","0.00","0.00"
"International Tropical Timber Organization, North and Central America","GTM","Guatemala","1990-2000",0,0,100,0,"0.00",,,"57.20","2.00"
"International Tropical Timber Organization, North and Central America","GTM","Guatemala","2000-2010",0,0,100,0,"0.00",,,"48.66","9.17"
"International Tropical Timber Organization, North and Central America","GTM","Guatemala","2010-2015",0,0,100,0,"0.00",,,"27.36","8.17"
"International Tropical Timber Organization, North and Central America","GTM","Guatemala","2015-2020",0,0,100,0,"0.00",,,"11.60","10.60"
"South America","GUF","French Guyana","1990-2000",0,0,100,0,"1.00",,"1.00","5.56","0.00"
"South America","GUF","French Guyana","2000-2010",0,0,100,0,"1.25",,"1.25","5.54","0.00"
"South America","GUF","French Guyana","2010-2015",0,0,100,0,"2.35",,"2.35","5.65","0.00"
"South America","GUF","French Guyana","2015-2020",0,0,100,0,"2.35",,"2.35","5.78","0.00"
"Oceania","GUM","Guam","1990-2000",0,0,100,0,,,,,
"Oceania","GUM","Guam","2000-2010",0,0,100,0,,,,,
"Oceania","GUM","Guam","2010-2015",0,0,100,0,,,,,
"Oceania","GUM","Guam","2015-2020",0,0,100,0,,,,,
"South America, International Tropical Timber Organization","GUY","Guyana","1990-2000",0,0,100,0,"0.00","0.00","0.00","3.79",
"South America, International Tropical Timber Organization","GUY","Guyana","2000-2010",0,0,100,0,"0.00","0.00","0.00","4.44",
"South America, International Tropical Timber Organization","GUY","Guyana","2010-2015",0,0,100,0,"0.00","0.00","0.00","11.69",
"South America, International Tropical Timber Organization","GUY","Guyana","2015-2020",0,0,100,0,"0.00","0.00","0.00","9.20",
"North and Central America, International Tropical Timber Organization","HND","Honduras","1990-2000",0,0,100,0,"2.35",,,"23.30",
"North and Central America, International Tropical Timber Organization","HND","Honduras","2000-2010",0,0,100,0,"2.53",,,"22.81",
"North and Central America, International Tropical Timber Organization","HND","Honduras","2010-2015",0,0,100,0,"2.07",,,"24.40","18.24"
"North and Central America, International Tropical Timber Organization","HND","Honduras","2015-2020",0,0,100,0,"2.28",,,"23.19","7.89"
"EU-27, Europe, UNECE, FOREST EUROPE, International Tropical Timber Organization","HRV","Croatia","1990-2000",0,88,0,12,"3.54","0.27","3.27","0.04","1.55"
"EU-27, Europe, UNECE, FOREST EUROPE, International Tropical Timber Organization","HRV","Croatia","2000-2010",0,88,0,12,"3.83","0.16","3.67","0.33","0.66"
"EU-27, Europe, UNECE, FOREST EUROPE, International Tropical Timber Organization","HRV","Croatia","2010-2015",0,88,0,12,"0.49","0.19","0.30","0.09","0.37"
"EU-27, Europe, UNECE, FOREST EUROPE, International Tropical Timber Organization","HRV","Croatia","2015-2020",0,88,0,12,"3.47","0.03","3.44","0.05","0.90"
"North and Central America","HTI","Haiti","1990-2000",0,0,100,0,,,,,
"North and Central America","HTI","Haiti","2000-2010",0,0,100,0,,,,,
"North and Central America","HTI","Haiti","2010-2015",0,0,100,0,,,,,
"North and Central America","HTI","Haiti","2015-2020",0,0,100,0,,,,,
"UNECE, International Tropical Timber Organization, Europe, FOREST EUROPE, EU-27","HUN","Hungary","1990-2000",0,100,0,0,"11.56","6.21","5.35","0.83","10.55"
"UNECE, International Tropical Timber Organization, Europe, FOREST EUROPE, EU-27","HUN","Hungary","2000-2010",0,100,0,0,"13.95","10.02","3.93","1.43","9.98"
"UNECE, International Tropical Timber Organization, Europe, FOREST EUROPE, EU-27","HUN","Hungary","2010-2015",0,100,0,0,"4.44","1.03","3.40","1.55","8.78"
"UNECE, International Tropical Timber Organization, Europe, FOREST EUROPE, EU-27","HUN","Hungary","2015-2020",0,100,0,0,"1.58","0.46","1.12","3.14","9.06"
"International Tropical Timber Organization, Asia","IDN","Indonesia","1990-2000","0.00","0.00","100.00","0.00","799.50",,,"2526.00","39.08"
"International Tropical Timber Organization, Asia","IDN","Indonesia","2000-2010","0.00","0.00","100.00","0.00","806.92",,,"969.00","132.84"
"International Tropical Timber Organization, Asia","IDN","Indonesia","2010-2015","0.00","0.00","100.00","0.00",,,,,"78.96"
"International Tropical Timber Organization, Asia","IDN","Indonesia","2015-2020","0.00","0.00","100.00","0.00","71.06",,,"650.00","7.07"
"Europe","IMN","Isle of Man","1990-2000",0,100,0,0,"0.00","0.00","0.00","0.00","0.00"
"Europe","IMN","Isle of Man","2000-2010",0,100,0,0,"0.00","0.00","0.00","0.00","0.00"
"Europe","IMN","Isle of Man","2010-2015",0,100,0,0,"0.00","0.00","0.00","0.00","0.00"
"Europe","IMN","Isle of Man","2015-2020",0,100,0,0,"0.00","0.00","0.00","0.00","0.00"
"International Tropical Timber Organization, Asia","IND","India","1990-2000","0.00","8.64","85.73","5.63","749.30",,,"384.00",
"International Tropical Timber Organization, Asia","IND","India","2000-2010","0.00","8.64","85.73","5.63","820.00",,,"629.50",
"International Tropical Timber Organization, Asia","IND","India","2010-2015","0.00","8.64","85.73","5.63","934.80",,,"668.40",
"International Tropical Timber Organization, Asia","IND","India","2015-2020","0.00","8.64","85.73","5.63","934.80",,,"668.40",
"Europe, UNECE, International Tropical Timber Organization, FOREST EUROPE, EU-27","IRL","Ireland","1990-2000",0,100,0,0,"17.49","16.00","0.25","0.62","5.73"
"Europe, UNECE, International Tropical Timber Organization, FOREST EUROPE, EU-27","IRL","Ireland","2000-2010",0,100,0,0,"9.62","8.13","0.25","0.62","8.31"
"Europe, UNECE, International Tropical Timber Organization, FOREST EUROPE, EU-27","IRL","Ireland","2010-2015",0,100,0,0,"7.48","5.99","0.25","0.62","7.28"
"Europe, UNECE, International Tropical Timber Organization, FOREST EUROPE, EU-27","IRL","Ireland","2015-2020",0,100,0,0,"6.09","4.60","0.25","0.62","9.10"
"Asia","IRN","Iran (Islamic Republic of)","1990-2000",0,4,0,96,,,,,
"Asia","IRN","Iran (Islamic Republic of)","2000-2010",0,4,0,96,,,,,
"Asia","IRN","Iran (Islamic Republic of)","2010-2015",0,4,0,96,,,,,
"Asia","IRN","Iran (Islamic Republic of)","2015-2020",0,4,0,96,,,,,
"Asia","IRQ","Iraq","1990-2000",0,0,0,100,"1.40","0.00","1.40","0.00","0.00"
"Asia","IRQ","Iraq","2000-2010",0,0,0,100,"0.70","0.00","0.70","0.00","0.00"
"Asia","IRQ","Iraq","2010-2015",0,0,0,100,"0.00","0.00","0.00","0.00","0.00"
"Asia","IRQ","Iraq","2015-2020",0,0,0,100,"0.00","0.00","0.00","0.00","0.00"
"FOREST EUROPE, Europe, UNECE","ISL","Iceland","1990-2000","100.00","0.00","0.00","0.00","1.28","1.23","0.04","0.00","0.00"
"FOREST EUROPE, Europe, UNECE","ISL","Iceland","2000-2010","100.00","0.00","0.00","0.00","1.48","1.44","0.04","0.00","0.00"
"FOREST EUROPE, Europe, UNECE","ISL","Iceland","2010-2015","100.00","0.00","0.00","0.00","0.70","0.66","0.04","0.00","0.00"
"FOREST EUROPE, Europe, UNECE","ISL","Iceland","2015-2020","100.00","0.00","0.00","0.00","0.64","0.60","0.04","0.00","0.00"
"UNECE, Asia","ISR","Israel","1990-2000",0,0,1,99,,,,,
"UNECE, Asia","ISR","Israel","2000-2010",0,0,1,99,,,,,"0.39"
"UNECE, Asia","ISR","Israel","2010-2015",0,0,1,99,,"0.83",,,"0.41"
"UNECE, Asia","ISR","Israel","2015-2020",0,0,1,99,,"0.35",,,"0.24"
"Europe, EU-27, FOREST EUROPE, International Tropical Timber Organization, UNECE","ITA","Italy","1990-2000",0,32,0,68,,"14.88",,,"6.70"
"Europe, EU-27, FOREST EUROPE, International Tropical Timber Organization, UNECE","ITA","Italy","2000-2010",0,32,0,68,,"8.15",,,"6.00"
"Europe, EU-27, FOREST EUROPE, International Tropical Timber Organization, UNECE","ITA","Italy","2010-2015",0,32,0,68,"57.50","6.84","50.65","3.69","5.70"
"Europe, EU-27, FOREST EUROPE, International Tropical Timber Organization, UNECE","ITA","Italy","2015-2020",0,32,0,68,,,,,
"North and Central America","JAM","Jamaica","1990-2000",0,0,100,0,"0.86","0.00","0.86","0.89","1.24"
"North and Central America","JAM","Jamaica","2000-2010",0,0,100,0,"4.42","0.01","4.41","0.68","1.46"
"North and Central America","JAM","Jamaica","2010-2015",0,0,100,0,"4.42","0.01","4.30","0.62","1.30"
"North and Central America","JAM","Jamaica","2015-2020",0,0,100,0,"4.43","0.01","3.53","0.54","0.71"
"Europe","JEY","Jersey","1990-2000",0,100,0,0,"0.00","0.00","0.00","0.00","0.00"
"Europe","JEY","Jersey","2000-2010",0,100,0,0,"0.00","0.00","0.00","0.00","0.00"
"Europe","JEY","Jersey","2010-2015",0,100,0,0,"0.00","0.00","0.00","0.00","0.00"
"Europe","JEY","Jersey","2015-2020",0,100,0,0,"0.00","0.00","0.00","0.00","0.00"
"Asia","JOR","Jordan","1990-2000",0,0,0,100,,,,,
"Asia","JOR","Jordan","2000-2010",0,0,0,100,,,,,
"Asia","JOR","Jordan","2010-2015",0,0,0,100,,,,,
"Asia","JOR","Jordan","2015-2020",0,0,0,100,,,,,
"Montreal Process, International Tropical Timber Organization, Asia","JPN","Japan","1990-2000",0,50,0,50,,,,,"50.41"
"Montreal Process, International Tropical Timber Organization, Asia","JPN","Japan","2000-2010",0,50,0,50,,,,,"30.25"
"Montreal Process, International Tropical Timber Organization, Asia","JPN","Japan","2010-2015",0,50,0,50,,,,,"25.05"
"Montreal Process, International Tropical Timber Organization, Asia","JPN","Japan","2015-2020",0,50,0,50,,,,,"26.11"
"UNECE, Asia","KAZ","Kazakhstan","1990-2000",12,88,0,0,,,,,"15.30"
"UNECE, Asia","KAZ","Kazakhstan","2000-2010",12,88,0,0,,,,,"25.50"
"UNECE, Asia","KAZ","Kazakhstan","2010-2015",12,88,0,0,,,,,"28.50"
"UNECE, Asia","KAZ","Kazakhstan","2015-2020",12,88,0,0,,,,,"28.50"
"Africa","KEN","Kenya","1990-2000",0,0,100,0,,,,,
"Africa","KEN","Kenya","2000-2010",0,0,100,0,,,,,
"Africa","KEN","Kenya","2010-2015",0,0,100,0,,,,,
"Africa","KEN","Kenya","2015-2020",0,0,100,0,,,,,
"Asia, UNECE","KGZ","Kyrgyzstan","1990-2000",0,100,0,0,"4.45","2.15","2.30","0.00","3.90"
"Asia, UNECE","KGZ","Kyrgyzstan","2000-2010",0,100,0,0,"4.88","2.88","2.00","0.00","1.00"
"Asia, UNECE","KGZ","Kyrgyzstan","2010-2015",0,100,0,0,"4.43","2.43","2.00","0.00","0.60"
"Asia, UNECE","KGZ","Kyrgyzstan","2015-2020",0,100,0,0,"12.71","3.80","8.91","0.00","1.80"
"Asia, International Tropical Timber Organization","KHM","Cambodia","1990-2000",0,0,100,0,,,,,"3.26"
"Asia, International Tropical Timber Organization","KHM","Cambodia","2000-2010",0,0,100,0,,,,,"5.46"
"Asia, International Tropical Timber Organization","KHM","Cambodia","2010-2015",0,0,100,0,,,,,"83.08"
"Asia, International Tropical Timber Organization","KHM","Cambodia","2015-2020",0,0,100,0,,,,,"37.58"
"Oceania","KIR","Kiribati","1990-2000",0,0,100,0,,,,,
"Oceania","KIR","Kiribati","2000-2010",0,0,100,0,,,,,
"Oceania","KIR","Kiribati","2010-2015",0,0,100,0,,,,,
"Oceania","KIR","Kiribati","2015-2020",0,0,100,0,,,,,
"North and Central America","KNA","Saint Kitts and Nevis","1990-2000",0,0,100,0,,,,,
"North and Central America","KNA","Saint Kitts and Nevis","2000-2010",0,0,100,0,,,,,
"North and Central America","KNA","Saint Kitts and Nevis","2010-2015",0,0,100,0,,,,,
"North and Central America","KNA","Saint Kitts and Nevis","2015-2020",0,0,100,0,,,,,
"International Tropical Timber Organization, Asia, Montreal Process","KOR","Republic of Korea","1990-2000",0,88,0,12,"0.00",,,"7.50","28.00"
"International Tropical Timber Organization, Asia, Montreal Process","KOR","Republic of Korea","2000-2010",0,88,0,12,"0.00",,,"8.90","21.00"
"International Tropical Timber Organization, Asia, Montreal Process","KOR","Republic of Korea","2010-2015",0,88,0,12,"0.00",,,"10.00","22.00"
"International Tropical Timber Organization, Asia, Montreal Process","KOR","Republic of Korea","2015-2020",0,88,0,12,"0.00",,,"10.00","25.00"
"Asia","KWT","Kuwait","1990-2000",0,0,0,100,"0.14","0.14","0.00","0.00",
"Asia","KWT","Kuwait","2000-2010",0,0,0,100,"0.14","0.14","0.00","0.00",
"Asia","KWT","Kuwait","2010-2015",0,0,0,100,"0.00","0.00","0.00","0.00",
"Asia","KWT","Kuwait","2015-2020",0,0,0,100,"0.00","0.00","0.00","0.00",
"Asia","LAO","Lao People's Democratic Republic","1990-2000",0,0,100,0,,,,,
"Asia","LAO","Lao People's Democratic Republic","2000-2010",0,0,100,0,,,,,
"Asia","LAO","Lao People's Democratic Republic","2010-2015",0,0,100,0,,,,,
"Asia","LAO","Lao People's Democratic Republic","2015-2020",0,0,100,0,,,,,
"Asia","LBN","Lebanon","1990-2000",0,0,0,100,,,,,
"Asia","LBN","Lebanon","2000-2010",0,0,0,100,,,,,"0.68"
"Asia","LBN","Lebanon","2010-2015",0,0,0,100,,,,,"1.21"
"Asia","LBN","Lebanon","2015-2020",0,0,0,100,,,,,"2.43"
"International Tropical Timber Organization, Africa","LBR","Liberia","1990-2000",0,0,100,0,"0.00",,,"30.26",
"International Tropical Timber Organization, Africa","LBR","Liberia","2000-2010",0,0,100,0,"0.00",,,"30.26",
"International Tropical Timber Organization, Africa","LBR","Liberia","2010-2015",0,0,100,0,"0.00",,,"30.26",
"International Tropical Timber Organization, Africa","LBR","Liberia","2015-2020",0,0,100,0,"0.00",,,"30.26",
"Africa","LBY","Libya","1990-2000",0,0,0,100,,,,,
"Africa","LBY","Libya","2000-2010",0,0,0,100,,,,,
"Africa","LBY","Libya","2010-2015",0,0,0,100,,,,,
"Africa","LBY","Libya","2015-2020",0,0,0,100,,,,,
"North and Central America","LCA","Saint Lucia","1990-2000",0,0,100,0,,,,,
"North and Central America","LCA","Saint Lucia","2000-2010",0,0,100,0,,,,,
"North and Central America","LCA","Saint Lucia","2010-2015",0,0,100,0,,,,,
"North and Central America","LCA","Saint Lucia","2015-2020",0,0,100,0,,,,,
"Europe, UNECE, FOREST EUROPE","LIE","Liechtenstein","1990-2000",0,100,0,0,"0.21","0.03",,"0.21","0.00"
"Europe, UNECE, FOREST EUROPE","LIE","Liechtenstein","2000-2010",0,100,0,0,"0.21","0.03",,"0.21","0.00"
"Europe, UNECE, FOREST EUROPE","LIE","Liechtenstein","2010-2015",0,100,0,0,"0.21","0.03",,"0.21","0.00"
"Europe, UNECE, FOREST EUROPE","LIE","Liechtenstein","2015-2020",0,100,0,0,"0.21","0.03",,"0.21","0.00"
"Asia","LKA","Sri Lanka","1990-2000",0,0,100,0,,,,,"0.88"
"Asia","LKA","Sri Lanka","2000-2010",0,0,100,0,,,,,"0.79"
"Asia","LKA","Sri Lanka","2010-2015",0,0,100,0,,,,,"0.84"
"Asia","LKA","Sri Lanka","2015-2020",0,0,100,0,,,,,"0.83"
"Africa","LSO","Lesotho","1990-2000",0,0,0,100,,,,,
"Africa","LSO","Lesotho","2000-2010",0,0,0,100,,,,,
"Africa","LSO","Lesotho","2010-2015",0,0,0,100,,,,,
"Africa","LSO","Lesotho","2015-2020",0,0,0,100,,,,,
"UNECE, FOREST EUROPE, International Tropical Timber Organization, EU-27, Europe","LTU","Lithuania","1990-2000",0,100,0,0,,,,,
"UNECE, FOREST EUROPE, International Tropical Timber Organization, EU-27, Europe","LTU","Lithuania","2000-2010",0,100,0,0,"15.14","2.00","13.14","0.14","15.75"
"UNECE, FOREST EUROPE, International Tropical Timber Organization, EU-27, Europe","LTU","Lithuania","2010-2015",0,100,0,0,"3.54","3.16","0.38","0.14","19.12"
"UNECE, FOREST EUROPE, International Tropical Timber Organization, EU-27, Europe","LTU","Lithuania","2015-2020",0,100,0,0,"2.94","2.07","0.87","0.14","18.63"
"FOREST EUROPE, UNECE, EU-27, International Tropical Timber Organization, Europe","LUX","Luxembourg","1990-2000",0,100,0,0,,,"0.09",,
"FOREST EUROPE, UNECE, EU-27, International Tropical Timber Organization, Europe","LUX","Luxembourg","2000-2010",0,100,0,0,,,"0.20",,"0.26"
"FOREST EUROPE, UNECE, EU-27, International Tropical Timber Organization, Europe","LUX","Luxembourg","2010-2015",0,100,0,0,,,"0.00",,"0.26"
"FOREST EUROPE, UNECE, EU-27, International Tropical Timber Organization, Europe","LUX","Luxembourg","2015-2020",0,100,0,0,,,"0.00",,"0.26"
"International Tropical Timber Organization, Europe, UNECE, EU-27, FOREST EUROPE","LVA","Latvia","1990-2000",0,100,0,0,"6.80","0.00","6.80","0.00","6.74"
"International Tropical Timber Organization, Europe, UNECE, EU-27, FOREST EUROPE","LVA","Latvia","2000-2010",0,100,0,0,"13.51","1.44","12.07","0.40","10.59"
"International Tropical Timber Organization, Europe, UNECE, EU-27, FOREST EUROPE","LVA","Latvia","2010-2015",0,100,0,0,"4.17","2.13","2.04","0.31","13.24"
"International Tropical Timber Organization, Europe, UNECE, EU-27, FOREST EUROPE","LVA","Latvia","2015-2020",0,100,0,0,"4.23","1.95","2.28","0.36","12.79"
"North and Central America","MAF","Saint-Martin (French Part)","1990-2000",0,0,100,0,,,,,"0.00"
"North and Central America","MAF","Saint-Martin (French Part)","2000-2010",0,0,100,0,,,,,"0.00"
"North and Central America","MAF","Saint-Martin (French Part)","2010-2015",0,0,100,0,,,,,"0.00"
"North and Central America","MAF","Saint-Martin (French Part)","2015-2020",0,0,100,0,,,,,"0.00"
"Africa","MAR","Morocco","1990-2000",0,0,0,100,"2.90","2.90","0.00","0.78","13.56"
"Africa","MAR","Morocco","2000-2010",0,0,0,100,"17.88","17.88","0.00","1.08","19.01"
"Africa","MAR","Morocco","2010-2015",0,0,0,100,"10.74","10.88","0.00","8.72","34.99"
"Africa","MAR","Morocco","2015-2020",0,0,0,100,"11.56","11.56","0.00","0.00","27.01"
"FOREST EUROPE, Europe, UNECE","MCO","Monaco","1990-2000",0,0,0,100,"0.00","0.00","0.00","0.00","0.00"
"FOREST EUROPE, Europe, UNECE","MCO","Monaco","2000-2010",0,0,0,100,"0.00","0.00","0.00","0.00","0.00"
"FOREST EUROPE, Europe, UNECE","MCO","Monaco","2010-2015",0,0,0,100,"0.00","0.00","0.00","0.00","0.00"
"FOREST EUROPE, Europe, UNECE","MCO","Monaco","2015-2020",0,0,0,100,"0.00","0.00","0.00","0.00","0.00"
"UNECE, FOREST EUROPE, Europe","MDA","Republic of Moldova","1990-2000",0,100,0,0,"2.78","0.43",,"0.88","3.95"
"UNECE, FOREST EUROPE, Europe","MDA","Republic of Moldova","2000-2010",0,100,0,0,"4.81","4.81",,"1.80","4.87"
"UNECE, FOREST EUROPE, Europe","MDA","Republic of Moldova","2010-2015",0,100,0,0,"3.31","0.27",,"0.93","5.43"
"UNECE, FOREST EUROPE, Europe","MDA","Republic of Moldova","2015-2020",0,100,0,0,"0.36","0.36",,"0.34","2.02"
"International Tropical Timber Organization, Africa","MDG","Madagascar","1990-2000",0,0,100,0,"3.60","3.60",,"70.50",
"International Tropical Timber Organization, Africa","MDG","Madagascar","2000-2010",0,0,100,0,,,,,
"International Tropical Timber Organization, Africa","MDG","Madagascar","2010-2015",0,0,100,0,,,,,
"International Tropical Timber Organization, Africa","MDG","Madagascar","2015-2020",0,0,100,0,,,,,
"Asia","MDV","Maldives","1990-2000",0,0,100,0,"0.00","0.00","0.00","0.00","0.00"
"Asia","MDV","Maldives","2000-2010",0,0,100,0,"0.00","0.00","0.00","0.00","0.00"
"Asia","MDV","Maldives","2010-2015",0,0,100,0,"0.00","0.00","0.00","0.00","0.00"
"Asia","MDV","Maldives","2015-2020",0,0,100,0,"0.00","0.00","0.00","0.00","0.00"
"North and Central America, Montreal Process, International Tropical Timber Organization","MEX","Mexico","1990-2000","0.00","0.00","56.76","43.24","464.78","0.78","464.00","685.81","129.60"
"North and Central America, Montreal Process, International Tropical Timber Organization","MEX","Mexico","2000-2010","0.00","0.00","56.76","43.24","281.05","2.71","278.34","424.85","232.60"
"North and Central America, Montreal Process, International Tropical Timber Organization","MEX","Mexico","2010-2015","0.00","0.00","56.76","43.24","89.13","3.51","85.63","211.61","297.00"
"North and Central America, Montreal Process, International Tropical Timber Organization","MEX","Mexico","2015-2020","0.00","0.00","56.76","43.24","38.05","3.30","34.75","165.82","159.20"
"Oceania","MHL","Marshall Islands","1990-2000",0,0,100,0,,,,,
"Oceania","MHL","Marshall Islands","2000-2010",0,0,100,0,,,,,
"Oceania","MHL","Marshall Islands","2010-2015",0,0,100,0,,,,,
"Oceania","MHL","Marshall Islands","2015-2020",0,0,100,0,,,,,
"FOREST EUROPE, UNECE, Europe","MKD","North Macedonia","1990-2000",0,59,0,41,,,,,
"FOREST EUROPE, UNECE, Europe","MKD","North Macedonia","2000-2010",0,59,0,41,,"0.71",,,"1.68"
"FOREST EUROPE, UNECE, Europe","MKD","North Macedonia","2010-2015",0,59,0,41,,"0.76",,,"1.00"
"FOREST EUROPE, UNECE, Europe","MKD","North Macedonia","2015-2020",0,59,0,41,,"0.40",,,"0.54"
"International Tropical Timber Organization, Africa","MLI","Mali","1990-2000",0,0,100,0,"5.00","5.00","0.00","84.00",
"International Tropical Timber Organization, Africa","MLI","Mali","2000-2010",0,0,100,0,"30.00","30.00","0.00","109.00",
"International Tropical Timber Organization, Africa","MLI","Mali","2010-2015",0,0,100,0,"0.00","0.00","0.00","79.00",
"International Tropical Timber Organization, Africa","MLI","Mali","2015-2020",0,0,100,0,"0.00","0.00","0.00","0.00",
"FOREST EUROPE, International Tropical Timber Organization, UNECE, Europe, EU-27","MLT","Malta","1990-2000",0,0,0,100,,,,,
"FOREST EUROPE, International Tropical Timber Organization, UNECE, Europe, EU-27","MLT","Malta","2000-2010",0,0,0,100,,,,,
"FOREST EUROPE, International Tropical Timber Organization, UNECE, Europe, EU-27","MLT","Malta","2010-2015",0,0,0,100,,,,,
"FOREST EUROPE, International Tropical Timber Organization, UNECE, Europe, EU-27","MLT","Malta","2015-2020",0,0,0,100,,,,,
"International Tropical Timber Organization, Asia","MMR","Myanmar","1990-2000","0.00","0.00","100.00","0.00","0.00","0.00",,"435.00",
"International Tropical Timber Organization, Asia","MMR","Myanmar","2000-2010","0.00","0.00","100.00","0.00","27.45","27.45",,"370.15",
"International Tropical Timber Organization, Asia","MMR","Myanmar","2010-2015","0.00","0.00","100.00","0.00","20.16","20.16",,"309.87",
"International Tropical Timber Organization, Asia","MMR","Myanmar","2015-2020","0.00","0.00","100.00","0.00","4.21","4.21",,"293.92",
"UNECE, Europe, FOREST EUROPE","MNE","Montenegro","1990-2000",0,68,0,32,,,,,
"UNECE, Europe, FOREST EUROPE","MNE","Montenegro","2000-2010",0,68,0,32,,,,,
"UNECE, Europe, FOREST EUROPE","MNE","Montenegro","2010-2015",0,68,0,32,"28.20","0.50","27.70","28.20","2.20"
"UNECE, Europe, FOREST EUROPE","MNE","Montenegro","2015-2020",0,68,0,32,"12.00","0.30","11.70","12.00","1.10"
"Asia","MNG","Mongolia","1990-2000",53,47,0,0,"0.25","0.11","0.14","9.06","5.02"
"Asia","MNG","Mongolia","2000-2010",53,47,0,0,"0.25","0.15","0.10","8.25","7.90"
"Asia","MNG","Mongolia","2010-2015",53,47,0,0,"0.41","0.30","0.10","1.52","9.20"
"Asia","MNG","Mongolia","2015-2020",53,47,0,0,"0.41","0.30","0.10","1.52","6.50"
"Oceania","MNP","Northern Mariana Islands","1990-2000",0,0,100,0,,,,,
"Oceania","MNP","Northern Mariana Islands","2000-2010",0,0,100,0,,,,,
"Oceania","MNP","Northern Mariana Islands","2010-2015",0,0,100,0,,,,,
"Oceania","MNP","Northern Mariana Islands","2015-2020",0,0,100,0,,,,,
"Africa, International Tropical Timber Organization","MOZ","Mozambique","1990-2000",0,0,100,0,"0.00","0.00","0.00","219.00","0.00"
"Africa, International Tropical Timber Organization","MOZ","Mozambique","2000-2010",0,0,100,0,"45.44",,,"267.03","1.13"
"Africa, International Tropical Timber Organization","MOZ","Mozambique","2010-2015",0,0,100,0,"60.60",,,"267.03","2.27"
"Africa, International Tropical Timber Organization","MOZ","Mozambique","2015-2020",0,0,100,0,"27.78",,,"267.03","1.66"
"Africa","MRT","Mauritania","1990-2000",0,0,100,0,"32.28","32.28",,"37.72","8.27"
"Africa","MRT","Mauritania","2000-2010",0,0,100,0,"35.00","2.08",,"40.44","4.55"
"Africa","MRT","Mauritania","2010-2015",0,0,100,0,"37.35","2.35",,"42.79","3.52"
"Africa","MRT","Mauritania","2015-2020",0,0,100,0,"39.93","2.50",,"45.38","4.00"
"North and Central America","MSR","Montserrat","1990-2000",0,0,100,0,,,,,
"North and Central America","MSR","Montserrat","2000-2010",0,0,100,0,,,,,
"North and Central America","MSR","Montserrat","2010-2015",0,0,100,0,,,,,
"North and Central America","MSR","Montserrat","2015-2020",0,0,100,0,,,,,
"North and Central America","MTQ","Martinique","1990-2000",0,0,100,0,"0.17","0.15","0.02","0.08","0.00"
"North and Central America","MTQ","Martinique","2000-2010",0,0,100,0,"0.29","0.09","0.20","0.14","0.00"
"North and Central America","MTQ","Martinique","2010-2015",0,0,100,0,"0.36","0.01","0.35","0.16","0.00"
"North and Central America","MTQ","Martinique","2015-2020",0,0,100,0,"0.36","0.00","0.36","0.16","0.00"
"Africa","MUS","Mauritius","1990-2000",0,0,100,0,"0.10",,,"0.01","0.03"
"Africa","MUS","Mauritius","2000-2010",0,0,100,0,"0.01",,,"0.36","0.03"
"Africa","MUS","Mauritius","2010-2015",0,0,100,0,"0.08",,,"0.10","0.04"
"Africa","MUS","Mauritius","2015-2020",0,0,100,0,"0.21",,,"0.12","0.05"
"Africa","MWI","Malawi","1990-2000",0,0,100,0,"0.00",,,"42.00",
"Africa","MWI","Malawi","2000-2010",0,0,100,0,"0.00",,,"42.00",
"Africa","MWI","Malawi","2010-2015",0,0,100,0,"0.00",,,"42.00",
"Africa","MWI","Malawi","2015-2020",0,0,100,0,"0.00",,,"42.00",
"Asia, International Tropical Timber Organization","MYS","Malaysia","1990-2000",0,0,100,0,,,,,
"Asia, International Tropical Timber Organization","MYS","Malaysia","2000-2010",0,0,100,0,,,,,
"Asia, International Tropical Timber Organization","MYS","Malaysia","2010-2015",0,0,100,0,,,,,
"Asia, International Tropical Timber Organization","MYS","Malaysia","2015-2020",0,0,100,0,,,,,
"Africa","MYT","Mayotte","1990-2000",0,0,100,0,"0.03","0.03","0.00","0.37","0.01"
"Africa","MYT","Mayotte","2000-2010",0,0,100,0,"0.08","0.08","0.00","0.21","0.05"
"Africa","MYT","Mayotte","2010-2015",0,0,100,0,"0.01","0.01","0.00","0.06","0.01"
"Africa","MYT","Mayotte","2015-2020",0,0,100,0,"0.01","0.01","0.00","0.06","0.01"
"Africa","NAM","Namibia","1990-2000",0,0,100,0,,,,,"0.00"
"Africa","NAM","Namibia","2000-2010",0,0,100,0,,,,,"0.00"
"Africa","NAM","Namibia","2010-2015",0,0,100,0,,,,,"0.00"
"Africa","NAM","Namibia","2015-2020",0,0,100,0,,,,,"0.00"
"Oceania","NCL","New Caledonia","1990-2000",0,0,100,0,,"0.08",,,
"Oceania","NCL","New Caledonia","2000-2010",0,0,100,0,,"0.06",,,
"Oceania","NCL","New Caledonia","2010-2015",0,0,100,0,,,,,
"Oceania","NCL","New Caledonia","2015-2020",0,0,100,0,,,,,
"Africa","NER","Niger","1990-2000",0,0,100,0,"2.50","2.50",,"64.19","15.00"
"Africa","NER","Niger","2000-2010",0,0,100,0,"2.50","2.50",,"14.92","15.00"
"Africa","NER","Niger","2010-2015",0,0,100,0,"2.50","2.50",,"14.92","15.00"
"Africa","NER","Niger","2015-2020",0,0,100,0,"2.50","2.50",,"14.92","15.00"
"Oceania","NFK","Norfolk Island","1990-2000",0,0,0,100,,,,,
"Oceania","NFK","Norfolk Island","2000-2010",0,0,0,100,,,,,
"Oceania","NFK","Norfolk Island","2010-2015",0,0,0,100,,,,,
"Oceania","NFK","Norfolk Island","2015-2020",0,0,0,100,,,,,
"Africa","NGA","Nigeria","1990-2000",0,0,100,0,"0.01",,,"163.31","16.33"
"Africa","NGA","Nigeria","2000-2010",0,0,100,0,"0.00",,,"163.31","16.33"
"Africa","NGA","Nigeria","2010-2015",0,0,100,0,"0.00",,,"163.31","16.33"
"Africa","NGA","Nigeria","2015-2020",0,0,100,0,"0.01",,,"163.31","16.33"
"North and Central America","NIC","Nicaragua","1990-2000",0,0,100,0,"0.20","0.20","0.00","100.20","3.31"
"North and Central America","NIC","Nicaragua","2000-2010",0,0,100,0,"1.37","1.37","0.00","122.49","16.34"
"North and Central America","NIC","Nicaragua","2010-2015",0,0,100,0,"5.03","5.03","0.00","61.15","19.17"
"North and Central America","NIC","Nicaragua","2015-2020",0,0,100,0,"5.03","5.03","0.00","105.03","22.64"
"Oceania","NIU","Niue","1990-2000",0,0,100,0,,,,,
"Oceania","NIU","Niue","2000-2010",0,0,100,0,,,,,
"Oceania","NIU","Niue","2010-2015",0,0,100,0,,,,,
"Oceania","NIU","Niue","2015-2020",0,0,100,0,,,,,
"UNECE, FOREST EUROPE, EU-27, International Tropical Timber Organization, Europe","NLD","Netherlands","1990-2000",0,100,0,0,"2.56","2.56","0.00","1.14","6.40"
"UNECE, FOREST EUROPE, EU-27, International Tropical Timber Organization, Europe","NLD","Netherlands","2000-2010",0,100,0,0,"4.00","4.00","0.00","2.60","7.70"
"UNECE, FOREST EUROPE, EU-27, International Tropical Timber Organization, Europe","NLD","Netherlands","2010-2015",0,100,0,0,"2.79","2.79","0.00","4.52","9.00"
"UNECE, FOREST EUROPE, EU-27, International Tropical Timber Organization, Europe","NLD","Netherlands","2015-2020",0,100,0,0,"3.12","3.12","0.00","2.19","10.30"
"FOREST EUROPE, UNECE, Europe, International Tropical Timber Organization","NOR","Norway","1990-2000",93,7,0,0,"3.02","0.96","2.06","4.92","21.80"
"FOREST EUROPE, UNECE, Europe, International Tropical Timber Organization","NOR","Norway","2000-2010",93,7,0,0,"5.40","0.32","5.08","6.50","13.48"
"FOREST EUROPE, UNECE, Europe, International Tropical Timber Organization","NOR","Norway","2010-2015",93,7,0,0,"13.78","0.18","13.60","5.98","13.87"
"FOREST EUROPE, UNECE, Europe, International Tropical Timber Organization","NOR","Norway","2015-2020",93,7,0,0,"13.62","0.15","13.47","5.82","18.15"
"Asia","NPL","Nepal","1990-2000","0.00","32.00","30.00","38.00","11.00","4.00","7.00","0.12","13.30"
"Asia","NPL","Nepal","2000-2010","0.00","32.00","30.00","38.00","20.00","8.00","12.00","1.87","44.10"
"Asia","NPL","Nepal","2010-2015","0.00","32.00","30.00","38.00","0.00","0.00","0.00","0.00","0.00"
"Asia","NPL","Nepal","2015-2020","0.00","32.00","30.00","38.00","0.00","0.00","0.00","0.00","0.00"
"Oceania","NRU","Nauru","1990-2000",0,0,100,0,"0.00","0.00","0.00","0.00","0.00"
"Oceania","NRU","Nauru","2000-2010",0,0,100,0,"0.00","0.00","0.00","0.00","0.00"
"Oceania","NRU","Nauru","2010-2015",0,0,100,0,"0.00","0.00","0.00","0.00","0.00"
"Oceania","NRU","Nauru","2015-2020",0,0,100,0,"0.00","0.00","0.00","0.00","0.00"
"International Tropical Timber Organization, Montreal Process, Oceania","NZL","New Zealand","1990-2000","12.63","66.28","4.20","16.89","63.30","62.00","1.30","15.48","29.00"
"International Tropical Timber Organization, Montreal Process, Oceania","NZL","New Zealand","2000-2010","12.63","66.28","4.20","16.89","17.80","15.00","2.80","18.03","40.00"
"International Tropical Timber Organization, Montreal Process, Oceania","NZL","New Zealand","2010-2015","12.63","66.28","4.20","16.89","8.31","8.00","0.31","8.61","46.00"
"International Tropical Timber Organization, Montreal Process, Oceania","NZL","New Zealand","2015-2020","12.63","66.28","4.20","16.89","15.78","12.00","3.90","6.58","50.00"
"Asia","OMN","Oman","1990-2000",0,0,100,0,,,,,
"Asia","OMN","Oman","2000-2010",0,0,100,0,,,,,
"Asia","OMN","Oman","2010-2015",0,0,100,0,,,,,
"Asia","OMN","Oman","2015-2020",0,0,100,0,,,,,
"Asia","PAK","Pakistan","1990-2000",0,1,1,98,,,,,
"Asia","PAK","Pakistan","2000-2010",0,1,1,98,,,,,"11.31"
"Asia","PAK","Pakistan","2010-2015",0,1,1,98,,,,,"14.70"
"Asia","PAK","Pakistan","2015-2020",0,1,1,98,,,,,
"International Tropical Timber Organization, North and Central America","PAN","Panama","1990-2000",0,0,100,0,"2.42","2.42",,"18.95","1.04"
"International Tropical Timber Organization, North and Central America","PAN","Panama","2000-2010",0,0,100,0,"2.31","2.31",,"13.73","0.99"
"International Tropical Timber Organization, North and Central America","PAN","Panama","2010-2015",0,0,100,0,"1.10","1.10",,"12.52","0.47"
"International Tropical Timber Organization, North and Central America","PAN","Panama","2015-2020",0,0,100,0,"1.08","1.08",,"12.49","0.46"
"Oceania","PCN","Pitcairn","1990-2000",0,0,100,0,,,,,
"Oceania","PCN","Pitcairn","2000-2010",0,0,100,0,,,,,
"Oceania","PCN","Pitcairn","2010-2015",0,0,100,0,,,,,
"Oceania","PCN","Pitcairn","2015-2020",0,0,100,0,,,,,
"South America, International Tropical Timber Organization","PER","Peru","1990-2000",0,0,100,0,"45.21","45.21","0.00","160.28",
"South America, International Tropical Timber Organization","PER","Peru","2000-2010",0,0,100,0,"25.48","25.48","0.00","150.28",
"South America, International Tropical Timber Organization","PER","Peru","2010-2015",0,0,100,0,"17.45","17.45","0.00","188.50",
"South America, International Tropical Timber Organization","PER","Peru","2015-2020",0,0,100,0,"6.26","6.26","0.00","179.09",
"Asia, International Tropical Timber Organization","PHL","Philippines","1990-2000",0,0,100,0,,,,,"65.62"
"Asia, International Tropical Timber Organization","PHL","Philippines","2000-2010",0,0,100,0,,,,,"27.01"
"Asia, International Tropical Timber Organization","PHL","Philippines","2010-2015",0,0,100,0,,,,,"210.93"
"Asia, International Tropical Timber Organization","PHL","Philippines","2015-2020",0,0,100,0,,,,,"280.63"
"Oceania","PLW","Palau","1990-2000",0,0,100,0,,,,,
"Oceania","PLW","Palau","2000-2010",0,0,100,0,,,,,
"Oceania","PLW","Palau","2010-2015",0,0,100,0,,,,,
"Oceania","PLW","Palau","2015-2020",0,0,100,0,,,,,
"Oceania, International Tropical Timber Organization","PNG","Papua New Guinea","1990-2000","0.00","0.00","100.00","0.00","0.00","0.00","0.00","12.17","0.00"
"Oceania, International Tropical Timber Organization","PNG","Papua New Guinea","2000-2010","0.00","0.00","100.00","0.00","0.00","0.00","0.00","9.91","0.00"
"Oceania, International Tropical Timber Organization","PNG","Papua New Guinea","2010-2015","0.00","0.00","100.00","0.00","0.00","0.00","0.00","30.90","0.00"
"Oceania, International Tropical Timber Organization","PNG","Papua New Guinea","2015-2020","0.00","0.00","100.00","0.00","0.00","0.00","0.00","33.53","0.00"
"EU-27, UNECE, International Tropical Timber Organization, FOREST EUROPE, Europe","POL","Poland","1990-2000",0,100,0,0,"18.21",,,"0.51","50.69"
"EU-27, UNECE, International Tropical Timber Organization, FOREST EUROPE, Europe","POL","Poland","2000-2010",0,100,0,0,"27.58",,,"0.58","45.12"
"EU-27, UNECE, International Tropical Timber Organization, FOREST EUROPE, Europe","POL","Poland","2010-2015",0,100,0,0,"18.82",,,"0.62","52.94"
"EU-27, UNECE, International Tropical Timber Organization, FOREST EUROPE, Europe","POL","Poland","2015-2020",0,100,0,0,"13.37",,,"0.77","54.92"
"North and Central America","PRI","Puerto Rico","1990-2000",0,0,"0.00","100.00",,,,,
"North and Central America","PRI","Puerto Rico","2000-2010",0,0,"0.00","100.00",,,,,
"North and Central America","PRI","Puerto Rico","2010-2015",0,0,"0.00","100.00",,,,,
"North and Central America","PRI","Puerto Rico","2015-2020",0,0,"0.00","100.00",,,,,
"Asia","PRK","Democratic People's Republic of Korea","1990-2000",0,100,0,0,"1.97",,,"47.70",
"Asia","PRK","Democratic People's Republic of Korea","2000-2010",0,100,0,0,"1.96",,,"23.19",
"Asia","PRK","Democratic People's Republic of Korea","2010-2015",0,100,0,0,"1.96",,,"23.19",
"Asia","PRK","Democratic People's Republic of Korea","2015-2020",0,100,0,0,"1.96",,,"23.19",
"FOREST EUROPE, EU-27, Europe, UNECE, International Tropical Timber Organization","PRT","Portugal","1990-2000","0.00","100.00","0.00","0.00",,,,,
"FOREST EUROPE, EU-27, Europe, UNECE, International Tropical Timber Organization","PRT","Portugal","2000-2010","0.00","100.00","0.00","0.00",,,,,
"FOREST EUROPE, EU-27, Europe, UNECE, International Tropical Timber Organization","PRT","Portugal","2010-2015","0.00","100.00","0.00","0.00","51.60","26.50","25.10","39.60","42.70"
"FOREST EUROPE, EU-27, Europe, UNECE, International Tropical Timber Organization","PRT","Portugal","2015-2020","0.00","100.00","0.00","0.00",,,,,
"South America","PRY","Paraguay","1990-2000",0,0,100,0,"0.00",,,"255.42",
"South America","PRY","Paraguay","2000-2010",0,0,100,0,"0.00",,,"342.14",
"South America","PRY","Paraguay","2010-2015",0,0,100,0,"0.00",,,"414.25",
"South America","PRY","Paraguay","2015-2020",0,0,100,0,"0.00",,,"279.34",
"Asia","PSE","Palestine","1990-2000",0,0,54,46,,,,,
"Asia","PSE","Palestine","2000-2010",0,0,54,46,,,,,
"Asia","PSE","Palestine","2010-2015",0,0,54,46,,,,,
"Asia","PSE","Palestine","2015-2020",0,0,54,46,,,,,
"Oceania","PYF","French Polynesia","1990-2000",0,0,100,0,,"0.41",,,
"Oceania","PYF","French Polynesia","2000-2010",0,0,100,0,,"0.09",,,
"Oceania","PYF","French Polynesia","2010-2015",0,0,100,0,,,,,
"Oceania","PYF","French Polynesia","2015-2020",0,0,100,0,,,,,
"Asia","QAT","Qatar","1990-2000",0,0,0,100,"0.00","0.00","0.00","0.00","0.00"
"Asia","QAT","Qatar","2000-2010",0,0,0,100,"0.00","0.00","0.00","0.00","0.00"
"Asia","QAT","Qatar","2010-2015",0,0,0,100,"0.00","0.00","0.00","0.00","0.00"
"Asia","QAT","Qatar","2015-2020",0,0,0,100,"0.00","0.00","0.00","0.00","0.00"
"Africa","REU","Réunion","1990-2000",0,0,100,0,"0.30",,,"0.00","0.00"
"Africa","REU","Réunion","2000-2010",0,0,100,0,"0.30",,,"0.00","0.00"
"Africa","REU","Réunion","2010-2015",0,0,100,0,"0.41",,,"0.00","0.00"
"Africa","REU","Réunion","2015-2020",0,0,100,0,"0.48",,,"0.00","0.00"
"Europe, FOREST EUROPE, International Tropical Timber Organization, UNECE, EU-27","ROU","Romania","1990-2000",0,100,0,0,,"1.13",,,"13.60"
"Europe, FOREST EUROPE, International Tropical Timber Organization, UNECE, EU-27","ROU","Romania","2000-2010",0,100,0,0,"15.08","2.76",,"0.18","13.13"
"Europe, FOREST EUROPE, International Tropical Timber Organization, UNECE, EU-27","ROU","Romania","2010-2015",0,100,0,0,"69.31","1.10",,"0.11","24.93"
"Europe, FOREST EUROPE, International Tropical Timber Organization, UNECE, EU-27","ROU","Romania","2015-2020",0,100,0,0,"13.63","0.48",,"0.02","27.93"
"FOREST EUROPE, UNECE, Europe, Montreal Process","RUS","Russian Federation","1990-2000","88.00","12.00","0.00","0.00","31.86","0.00","31.86","0.00","1178.70"
"FOREST EUROPE, UNECE, Europe, Montreal Process","RUS","Russian Federation","2000-2010","88.00","12.00","0.00","0.00","586.71","0.00","586.71","0.00","859.80"
"FOREST EUROPE, UNECE, Europe, Montreal Process","RUS","Russian Federation","2010-2015","88.00","12.00","0.00","0.00","0.00","0.00","0.00","41.03","848.10"
"FOREST EUROPE, UNECE, Europe, Montreal Process","RUS","Russian Federation","2015-2020","88.00","12.00","0.00","0.00","76.23","0.00","76.23","0.00","944.80"
"Africa, Espace COMIFAC","RWA","Rwanda","1990-2000",0,0,100,0,,,,,"1.38"
"Africa, Espace COMIFAC","RWA","Rwanda","2000-2010",0,0,100,0,,,,,"1.19"
"Africa, Espace COMIFAC","RWA","Rwanda","2010-2015",0,0,100,0,,,,,"1.19"
"Africa, Espace COMIFAC","RWA","Rwanda","2015-2020",0,0,100,0,,,,,"1.19"
"Asia","SAU","Saudi Arabia","1990-2000",0,0,100,0,,,,,
"Asia","SAU","Saudi Arabia","2000-2010",0,0,100,0,,,,,
"Asia","SAU","Saudi Arabia","2010-2015",0,0,100,0,,,,,
"Asia","SAU","Saudi Arabia","2015-2020",0,0,100,0,,,,,
"Africa","SDN","Sudan","1990-2000",0,0,100,0,"226.98",,"226.98","403.73","20.00"
"Africa","SDN","Sudan","2000-2010",0,0,100,0,"209.54",,"209.54","381.70","35.00"
"Africa","SDN","Sudan","2010-2015",0,0,100,0,"98.29",,"98.29","272.54","30.00"
"Africa","SDN","Sudan","2015-2020",0,0,100,0,"93.92",,"93.92","264.00","30.00"
"Africa","SEN","Senegal","1990-2000",0,0,100,0,,,,,"15.61"
"Africa","SEN","Senegal","2000-2010",0,0,100,0,,,,,"17.53"
"Africa","SEN","Senegal","2010-2015",0,0,100,0,"11.00",,,"51.00","15.13"
"Africa","SEN","Senegal","2015-2020",0,0,100,0,"11.00",,,"51.00","10.65"
"Asia","SGP","Singapore","1990-2000",0,0,100,0,"0.50","0.00","0.50","0.28",
"Asia","SGP","Singapore","2000-2010",0,0,100,0,"0.21","0.00","0.21","0.14",
"Asia","SGP","Singapore","2010-2015",0,0,100,0,"0.05","0.00","0.05","0.30",
"Asia","SGP","Singapore","2015-2020",0,0,100,0,"0.06","0.00","0.06","0.24",
"Africa","SHN","Saint Helena","1990-2000",0,0,100,0,,"0.00",,,"0.00"
"Africa","SHN","Saint Helena","2000-2010",0,0,100,0,,"0.00",,,"0.00"
"Africa","SHN","Saint Helena","2010-2015",0,0,100,0,,"0.00",,,"0.00"
"Africa","SHN","Saint Helena","2015-2020",0,0,100,0,,"0.00",,,"0.00"
"Europe","SJM","Svalbard and Jan Mayen Islands","1990-2000",100,0,0,0,"0.00","0.00","0.00","0.00","0.00"
"Europe","SJM","Svalbard and Jan Mayen Islands","2000-2010",100,0,0,0,"0.00","0.00","0.00","0.00","0.00"
"Europe","SJM","Svalbard and Jan Mayen Islands","2010-2015",100,0,0,0,"0.00","0.00","0.00","0.00","0.00"
"Europe","SJM","Svalbard and Jan Mayen Islands","2015-2020",100,0,0,0,"0.00","0.00","0.00","0.00","0.00"
"Oceania","SLB","Solomon Islands","1990-2000",0,0,100,0,,,,,"1.50"
"Oceania","SLB","Solomon Islands","2000-2010",0,0,100,0,,,,,"4.00"
"Oceania","SLB","Solomon Islands","2010-2015",0,0,100,0,,,,,"5.50"
"Oceania","SLB","Solomon Islands","2015-2020",0,0,100,0,,,,,"6.00"
"Africa","SLE","Sierra Leone","1990-2000",0,0,100,0,,,,,"0.05"
"Africa","SLE","Sierra Leone","2000-2010",0,0,100,0,,,,,"0.27"
"Africa","SLE","Sierra Leone","2010-2015",0,0,100,0,,,,,"0.27"
"Africa","SLE","Sierra Leone","2015-2020",0,0,100,0,,,,,"0.27"
"North and Central America","SLV","El Salvador","1990-2000",0,0,100,0,"0.00",,,"4.50",
"North and Central America","SLV","El Salvador","2000-2010",0,0,100,0,"0.00",,,"4.50",
"North and Central America","SLV","El Salvador","2010-2015",0,0,100,0,"0.00",,,"4.50",
"North and Central America","SLV","El Salvador","2015-2020",0,0,100,0,"0.00",,,"4.50",
"UNECE, Europe","SMR","San Marino","1990-2000",0,0,0,100,"0.00","0.00","0.00","0.00","0.00"
"UNECE, Europe","SMR","San Marino","2000-2010",0,0,0,100,"0.00","0.00","0.00","0.00","0.00"
"UNECE, Europe","SMR","San Marino","2010-2015",0,0,0,100,"0.00","0.00","0.00","0.00","0.00"
"UNECE, Europe","SMR","San Marino","2015-2020",0,0,0,100,"0.00","0.00","0.00","0.00","0.00"
"Africa","SOM","Somalia","1990-2000",0,0,100,0,"0.00",,,"76.75",
"Africa","SOM","Somalia","2000-2010",0,0,100,0,"0.00",,,"76.75",
"Africa","SOM","Somalia","2010-2015",0,0,100,0,"0.00",,,"76.75",
"Africa","SOM","Somalia","2015-2020",0,0,100,0,"0.00",,,"76.75",
"North and Central America","SPM","Saint Pierre and Miquelon","1990-2000",100,0,0,0,,"0.00",,,"0.00"
"North and Central America","SPM","Saint Pierre and Miquelon","2000-2010",100,0,0,0,,"0.00",,,"0.00"
"North and Central America","SPM","Saint Pierre and Miquelon","2010-2015",100,0,0,0,,"0.00",,,"0.00"
"North and Central America","SPM","Saint Pierre and Miquelon","2015-2020",100,0,0,0,,"0.00",,,"0.00"
"Europe, UNECE, FOREST EUROPE","SRB","Serbia","1990-2000",0,100,0,0,"14.70","1.67","0.14","0.00","0.17"
"Europe, UNECE, FOREST EUROPE","SRB","Serbia","2000-2010",0,100,0,0,"25.30","2.50","22.80","0.00","2.00"
"Europe, UNECE, FOREST EUROPE","SRB","Serbia","2010-2015",0,100,0,0,"1.40","0.40","1.00","0.09","6.50"
"Europe, UNECE, FOREST EUROPE","SRB","Serbia","2015-2020",0,100,0,0,"0.66","0.37","0.23","0.04","4.29"
"Africa","SSD","South Sudan","1990-2000",0,0,100,0,,,,,
"Africa","SSD","South Sudan","2000-2010",0,0,100,0,,,,,
"Africa","SSD","South Sudan","2010-2015",0,0,100,0,,,,,
"Africa","SSD","South Sudan","2015-2020",0,0,100,0,,,,,
"Espace COMIFAC, Africa","STP","Sao Tome and Principe","1990-2000",0,0,100,0,"0.00",,,"0.03",
"Espace COMIFAC, Africa","STP","Sao Tome and Principe","2000-2010",0,0,100,0,"0.00",,,"0.03",
"Espace COMIFAC, Africa","STP","Sao Tome and Principe","2010-2015",0,0,100,0,"0.00",,,"0.62",
"Espace COMIFAC, Africa","STP","Sao Tome and Principe","2015-2020",0,0,100,0,"0.00",,,"0.62",
"South America, International Tropical Timber Organization","SUR","Suriname","1990-2000",0,0,100,0,"0.00",,,"3.68",
"South America, International Tropical Timber Organization","SUR","Suriname","2000-2010",0,0,100,0,"0.01",,,"4.11",
"South America, International Tropical Timber Organization","SUR","Suriname","2010-2015",0,0,100,0,"0.22",,,"9.86",
"South America, International Tropical Timber Organization","SUR","Suriname","2015-2020",0,0,100,0,"0.57",,,"11.65",
"EU-27, FOREST EUROPE, UNECE, International Tropical Timber Organization, Europe","SVK","Slovakia","1990-2000",0,100,0,0,,"2.09",,,"12.66"
"EU-27, FOREST EUROPE, UNECE, International Tropical Timber Organization, Europe","SVK","Slovakia","2000-2010",0,100,0,0,,"0.20",,,"9.61"
"EU-27, FOREST EUROPE, UNECE, International Tropical Timber Organization, Europe","SVK","Slovakia","2010-2015",0,100,0,0,,"0.06",,,"10.91"
"EU-27, FOREST EUROPE, UNECE, International Tropical Timber Organization, Europe","SVK","Slovakia","2015-2020",0,100,0,0,,"0.12",,,"10.47"
"UNECE, Europe, FOREST EUROPE, International Tropical Timber Organization, EU-27","SVN","Slovenia","1990-2000",0,95,0,5,"4.50","0.00","4.50","0.00",
"UNECE, Europe, FOREST EUROPE, International Tropical Timber Organization, EU-27","SVN","Slovenia","2000-2010",0,95,0,5,"1.78","0.00","1.78","0.38","0.56"
"UNECE, Europe, FOREST EUROPE, International Tropical Timber Organization, EU-27","SVN","Slovenia","2010-2015",0,95,0,5,"0.50","0.00","0.50","0.30","0.31"
"UNECE, Europe, FOREST EUROPE, International Tropical Timber Organization, EU-27","SVN","Slovenia","2015-2020",0,95,0,5,"0.00","0.00","0.00","2.03","0.35"
"International Tropical Timber Organization, UNECE, FOREST EUROPE, Europe, EU-27","SWE","Sweden","1990-2000","73.50","26.50",0,0,"21.49","8.87","12.62","11.49","122.45"
"International Tropical Timber Organization, UNECE, FOREST EUROPE, Europe, EU-27","SWE","Sweden","2000-2010","73.50","26.50",0,0,"11.82","11.82","0.00","20.82","126.99"
"International Tropical Timber Organization, UNECE, FOREST EUROPE, Europe, EU-27","SWE","Sweden","2010-2015","73.50","26.50",0,0,"19.55","19.55","0.00","38.15","166.81"
"International Tropical Timber Organization, UNECE, FOREST EUROPE, Europe, EU-27","SWE","Sweden","2015-2020","73.50","26.50",0,0,"13.05","13.05","0.00","13.05","134.72"
"Africa","SWZ","Eswatini","1990-2000",0,0,83,17,,,,,"26.70"
"Africa","SWZ","Eswatini","2000-2010",0,0,83,17,,,,,"20.30"
"Africa","SWZ","Eswatini","2010-2015",0,0,83,17,,,,,"25.80"
"Africa","SWZ","Eswatini","2015-2020",0,0,83,17,,,,,"27.00"
"North and Central America","SXM","Sint Maarten (Dutch part)","1990-2000",0,0,100,0,,,,,"0.00"
"North and Central America","SXM","Sint Maarten (Dutch part)","2000-2010",0,0,100,0,,,,,"0.00"
"North and Central America","SXM","Sint Maarten (Dutch part)","2010-2015",0,0,100,0,,,,,"0.00"
"North and Central America","SXM","Sint Maarten (Dutch part)","2015-2020",0,0,100,0,,,,,"0.00"
"Africa","SYC","Seychelles","1990-2000",0,0,100,0,,,,,
"Africa","SYC","Seychelles","2000-2010",0,0,100,0,,,,,
"Africa","SYC","Seychelles","2010-2015",0,0,100,0,,,,,
"Africa","SYC","Seychelles","2015-2020",0,0,100,0,,,,,
"Asia","SYR","Syrian Arab Republic","1990-2000",0,0,0,100,"83.25",,,"77.25",
"Asia","SYR","Syrian Arab Republic","2000-2010",0,0,0,100,"51.05",,,"46.18",
"Asia","SYR","Syrian Arab Republic","2010-2015",0,0,0,100,"15.49",,,"11.94",
"Asia","SYR","Syrian Arab Republic","2015-2020",0,0,0,100,"0.05",,,,
"North and Central America","TCA","Turks and Caicos Islands","1990-2000",0,0,100,0,,,,,
"North and Central America","TCA","Turks and Caicos Islands","2000-2010",0,0,100,0,,,,,
"North and Central America","TCA","Turks and Caicos Islands","2010-2015",0,0,100,0,,,,,
"North and Central America","TCA","Turks and Caicos Islands","2015-2020",0,0,100,0,,,,,
"Africa, Espace COMIFAC","TCD","Chad","1990-2000",0,0,100,0,,,,,"0.30"
"Africa, Espace COMIFAC","TCD","Chad","2000-2010",0,0,100,0,,,,,"0.30"
"Africa, Espace COMIFAC","TCD","Chad","2010-2015",0,0,100,0,,,,,"0.30"
"Africa, Espace COMIFAC","TCD","Chad","2015-2020",0,0,100,0,,,,,"0.30"
"Africa, International Tropical Timber Organization","TGO","Togo","1990-2000",0,0,100,0,"1.00","1.00",,"10.32","0.82"
"Africa, International Tropical Timber Organization","TGO","Togo","2000-2010",0,0,100,0,"1.50","1.50",,"4.46","0.64"
"Africa, International Tropical Timber Organization","TGO","Togo","2010-2015",0,0,100,0,"2.00","2.00",,"4.96","1.30"
"Africa, International Tropical Timber Organization","TGO","Togo","2015-2020",0,0,100,0,"2.00","2.00",,"4.96",
"International Tropical Timber Organization, Asia","THA","Thailand","1990-2000",0,0,100,0,"26.70","26.70","0.00","63.00","30.60"
"International Tropical Timber Organization, Asia","THA","Thailand","2000-2010",0,0,100,0,"125.50","125.50","0.00","18.00","43.33"
"International Tropical Timber Organization, Asia","THA","Thailand","2010-2015",0,0,100,0,"92.00","92.00","0.00","94.40","14.98"
"International Tropical Timber Organization, Asia","THA","Thailand","2015-2020",0,0,100,0,"0.00","0.00","0.00","37.60","8.45"
"UNECE, Asia","TJK","Tajikistan","1990-2000",0,"100.00",0,0,,,,,"2.00"
"UNECE, Asia","TJK","Tajikistan","2000-2010",0,"100.00",0,0,,,,,"2.00"
"UNECE, Asia","TJK","Tajikistan","2010-2015",0,"100.00",0,0,,,,,"2.00"
"UNECE, Asia","TJK","Tajikistan","2015-2020",0,"100.00",0,0,,,,,"2.00"
"Oceania","TKL","Tokelau","1990-2000",0,0,100,0,"0.00","0.00","0.00","0.00","0.00"
"Oceania","TKL","Tokelau","2000-2010",0,0,100,0,"0.00","0.00","0.00","0.00","0.00"
"Oceania","TKL","Tokelau","2010-2015",0,0,100,0,"0.00","0.00","0.00","0.00","0.00"
"Oceania","TKL","Tokelau","2015-2020",0,0,100,0,"0.00","0.00","0.00","0.00","0.00"
"Asia, UNECE","TKM","Turkmenistan","1990-2000",0,89,0,11,,,,,
"Asia, UNECE","TKM","Turkmenistan","2000-2010",0,89,0,11,,,,,
"Asia, UNECE","TKM","Turkmenistan","2010-2015",0,89,0,11,,,,,
"Asia, UNECE","TKM","Turkmenistan","2015-2020",0,89,0,11,,,,,
"Asia","TLS","Timor-Leste","1990-2000",0,0,100,0,,,,,
"Asia","TLS","Timor-Leste","2000-2010",0,0,100,0,,,,,
"Asia","TLS","Timor-Leste","2010-2015",0,0,100,0,,,,,
"Asia","TLS","Timor-Leste","2015-2020",0,0,100,0,,,,,
"Oceania","TON","Tonga","1990-2000",0,0,100,0,,,,,
"Oceania","TON","Tonga","2000-2010",0,0,100,0,,,,,
"Oceania","TON","Tonga","2010-2015",0,0,100,0,,,,,
"Oceania","TON","Tonga","2015-2020",0,0,100,0,,,,,
"North and Central America, International Tropical Timber Organization","TTO","Trinidad and Tobago","1990-2000",0,0,100,0,,,,,
"North and Central America, International Tropical Timber Organization","TTO","Trinidad and Tobago","2000-2010",0,0,100,0,,,,,
"North and Central America, International Tropical Timber Organization","TTO","Trinidad and Tobago","2010-2015",0,0,100,0,,,,,
"North and Central America, International Tropical Timber Organization","TTO","Trinidad and Tobago","2015-2020",0,0,100,0,,,,,
"Africa","TUN","Tunisia","1990-2000",0,0,0,100,"6.71","6.71","0.00","4.32","4.47"
"Africa","TUN","Tunisia","2000-2010",0,0,0,100,"6.30","6.30","0.00","4.34","4.20"
"Africa","TUN","Tunisia","2010-2015",0,0,0,100,"2.95","2.95","0.00","1.42","1.97"
"Africa","TUN","Tunisia","2015-2020",0,0,0,100,"2.10","2.10","0.00","0.57","1.40"
"Asia, UNECE, FOREST EUROPE","TUR","Turkey","1990-2000",0,12,0,88,"38.71","22.65","16.06","2.22","60.08"
"Asia, UNECE, FOREST EUROPE","TUR","Turkey","2000-2010",0,12,0,88,"94.85","62.91","31.94","1.38","76.71"
"Asia, UNECE, FOREST EUROPE","TUR","Turkey","2010-2015",0,12,0,88,"110.47","75.36","35.11","1.03","104.76"
"Asia, UNECE, FOREST EUROPE","TUR","Turkey","2015-2020",0,12,0,88,"119.18","80.20","38.98","1.17","118.82"
"Oceania","TUV","Tuvalu","1990-2000",0,0,100,0,,,,,
"Oceania","TUV","Tuvalu","2000-2010",0,0,100,0,,,,,
"Oceania","TUV","Tuvalu","2010-2015",0,0,100,0,,,,,
"Oceania","TUV","Tuvalu","2015-2020",0,0,100,0,,,,,
"Africa","TZA","United Republic of Tanzania","1990-2000",0,0,100,0,"28.00",,,"400.00","15.00"
"Africa","TZA","United Republic of Tanzania","2000-2010",0,0,100,0,"28.00",,,"400.00","25.50"
"Africa","TZA","United Republic of Tanzania","2010-2015",0,0,100,0,"0.00",,,"372.00","27.00"
"Africa","TZA","United Republic of Tanzania","2015-2020",0,0,100,0,"5.00",,,"474.00","27.00"
"Africa","UGA","Uganda","1990-2000",0,0,100,0,"9.84","9.84",,"51.09",
"Africa","UGA","Uganda","2000-2010",0,0,100,0,"9.84","9.84",,"51.09",
"Africa","UGA","Uganda","2010-2015",0,0,100,0,"9.84","9.84",,"51.09",
"Africa","UGA","Uganda","2015-2020",0,0,100,0,"9.84","9.84",,"51.09",
"UNECE, Europe, FOREST EUROPE","UKR","Ukraine","1990-2000",0,100,0,0,"24.10","8.00",,"0.50","20.19"
"UNECE, Europe, FOREST EUROPE","UKR","Ukraine","2000-2010",0,100,0,0,"4.83","4.00",,"1.03","31.25"
"UNECE, Europe, FOREST EUROPE","UKR","Ukraine","2010-2015",0,100,0,0,"22.20","14.50",,"0.40","34.35"
"UNECE, Europe, FOREST EUROPE","UKR","Ukraine","2015-2020",0,100,0,0,"6.70","6.00","0.70","0.10","36.40"
"Montreal Process, South America","URY","Uruguay","1990-2000",0,0,0,100,,,,,
"Montreal Process, South America","URY","Uruguay","2000-2010",0,0,0,100,"36.89","35.00","0.56","0.66","17.53"
"Montreal Process, South America","URY","Uruguay","2010-2015",0,0,0,100,"39.57","18.40","17.51","1.83","36.73"
"Montreal Process, South America","URY","Uruguay","2015-2020",0,0,0,100,,,,,"55.54"
"International Tropical Timber Organization, Montreal Process, UNECE, North and Central America","USA","United States of America","1990-2000","15.00","59.00","0.00","26.00","108.60","59.73","48.90","0.00","592.94"
"International Tropical Timber Organization, Montreal Process, UNECE, North and Central America","USA","United States of America","2000-2010","15.00","59.00","0.00","26.00","518.40","259.00","259.00","0.00","548.26"
"International Tropical Timber Organization, Montreal Process, UNECE, North and Central America","USA","United States of America","2010-2015","15.00","59.00","0.00","26.00","275.00","247.00","28.00","0.00","656.04"
"International Tropical Timber Organization, Montreal Process, UNECE, North and Central America","USA","United States of America","2015-2020","15.00","59.00","0.00","26.00",,,,,"690.87"
"UNECE, Asia","UZB","Uzbekistan","1990-2000",0,100,0,0,"42.00","35.40","5.80","0.79","40.00"
"UNECE, Asia","UZB","Uzbekistan","2000-2010",0,100,0,0,"43.81","38.00","6.20","5.00","42.00"
"UNECE, Asia","UZB","Uzbekistan","2010-2015",0,100,0,0,"41.00","23.10","3.70","1.04","42.00"
"UNECE, Asia","UZB","Uzbekistan","2015-2020",0,100,0,0,"42.20","26.90","4.40","14.15","100.00"
"FOREST EUROPE, Europe","VAT","Holy See","1990-2000",0,0,0,100,"0.00","0.00","0.00","0.00","0.00"
"FOREST EUROPE, Europe","VAT","Holy See","2000-2010",0,0,0,100,"0.00","0.00","0.00","0.00","0.00"
"FOREST EUROPE, Europe","VAT","Holy See","2010-2015",0,0,0,100,"0.00","0.00","0.00","0.00","0.00"
"FOREST EUROPE, Europe","VAT","Holy See","2015-2020",0,0,0,100,"0.00","0.00","0.00","0.00","0.00"
"North and Central America","VCT","Saint Vincent and the Grenadines","1990-2000",0,0,100,0,,,,,"0.10"
"North and Central America","VCT","Saint Vincent and the Grenadines","2000-2010",0,0,100,0,,,,,"0.05"
"North and Central America","VCT","Saint Vincent and the Grenadines","2010-2015",0,0,100,0,,,,,"0.02"
"North and Central America","VCT","Saint Vincent and the Grenadines","2015-2020",0,0,100,0,,,,,"0.00"
"International Tropical Timber Organization, South America","VEN","Venezuela (Bolivarian Republic of)","1990-2000",0,0,100,0,"16.35","16.35",,"303.85","3.02"
"International Tropical Timber Organization, South America","VEN","Venezuela (Bolivarian Republic of)","2000-2010",0,0,100,0,"19.39","19.39",,"183.99","3.10"
"International Tropical Timber Organization, South America","VEN","Venezuela (Bolivarian Republic of)","2010-2015",0,0,100,0,"17.87","17.87",,"182.27","4.21"
"International Tropical Timber Organization, South America","VEN","Venezuela (Bolivarian Republic of)","2015-2020",0,0,100,0,"17.87","17.87",,"108.29","3.66"
"North and Central America","VGB","British Virgin Islands","1990-2000",0,0,100,0,,,,,
"North and Central America","VGB","British Virgin Islands","2000-2010",0,0,100,0,,,,,
"North and Central America","VGB","British Virgin Islands","2010-2015",0,0,100,0,,,,,
"North and Central America","VGB","British Virgin Islands","2015-2020",0,0,100,0,,,,,
"North and Central America","VIR","United States Virgin Islands","1990-2000",0,0,"0.00","100.00",,,,,
"North and Central America","VIR","United States Virgin Islands","2000-2010",0,0,"0.00","100.00",,,,,
"North and Central America","VIR","United States Virgin Islands","2010-2015",0,0,"0.00","100.00",,,,,
"North and Central America","VIR","United States Virgin Islands","2015-2020",0,0,"0.00","100.00",,,,,
"International Tropical Timber Organization, Asia","VNM","Viet Nam","1990-2000",0,0,95,5,"240.81","117.46","123.40","0.00","89.20"
"International Tropical Timber Organization, Asia","VNM","Viet Nam","2000-2010",0,0,95,5,"160.40","116.37","43.98","0.00","211.62"
"International Tropical Timber Organization, Asia","VNM","Viet Nam","2010-2015",0,0,95,5,"160.62","160.62","0.00","25.86","232.97"
"International Tropical Timber Organization, Asia","VNM","Viet Nam","2015-2020",0,0,95,5,"117.84","97.54","20.30","1.59","241.30"
"Oceania","VUT","Vanuatu","1990-2000",0,0,100,0,,,,,
"Oceania","VUT","Vanuatu","2000-2010",0,0,100,0,,,,,
"Oceania","VUT","Vanuatu","2010-2015",0,0,100,0,,,,,
"Oceania","VUT","Vanuatu","2015-2020",0,0,100,0,,,,,
"Oceania","WLF","Wallis and Futuna Islands","1990-2000",0,0,100,0,,,,,
"Oceania","WLF","Wallis and Futuna Islands","2000-2010",0,0,100,0,,,,,
"Oceania","WLF","Wallis and Futuna Islands","2010-2015",0,0,100,0,,,,,
"Oceania","WLF","Wallis and Futuna Islands","2015-2020",0,0,100,0,,,,,
"Oceania","WSM","Samoa","1990-2000",0,0,100,0,,,,,
"Oceania","WSM","Samoa","2000-2010",0,0,100,0,,,,,
"Oceania","WSM","Samoa","2010-2015",0,0,100,0,,,,,
"Oceania","WSM","Samoa","2015-2020",0,0,100,0,,,,,
"Asia","YEM","Yemen","1990-2000",0,0,100,0,,,,,
"Asia","YEM","Yemen","2000-2010",0,0,100,0,,,,,
"Asia","YEM","Yemen","2010-2015",0,0,100,0,,,,,
"Asia","YEM","Yemen","2015-2020",0,0,100,0,,,,,
"Africa","ZAF","South Africa","1990-2000",0,0,30,70,"362.60","218.00","0.00","399.00","100.00"
"Africa","ZAF","South Africa","2000-2010",0,0,30,70,"362.60","37.00","0.00","399.00","100.00"
"Africa","ZAF","South Africa","2010-2015",0,0,30,70,"162.60","6.00","0.00","199.00","100.00"
"Africa","ZAF","South Africa","2015-2020",0,0,30,70,"162.60","3.00","0.00","199.00","100.00"
"Africa","ZMB","Zambia","1990-2000",0,0,100,0,,,,,
"Africa","ZMB","Zambia","2000-2010",0,0,100,0,"0.45",,,"36.25","0.45"
"Africa","ZMB","Zambia","2010-2015",0,0,100,0,"1.50",,,"189.68","1.75"
"Africa","ZMB","Zambia","2015-2020",0,0,100,0,"1.50",,,"189.71","3.50"
"Africa","ZWE","Zimbabwe","1990-2000",0,0,100,0,"0.00",,,"46.07",
"Africa","ZWE","Zimbabwe","2000-2010",0,0,100,0,"0.00",,,"46.07",
"Africa","ZWE","Zimbabwe","2010-2015",0,0,100,0,"0.00",,,"46.07",
"Africa","ZWE","Zimbabwe","2015-2020",0,0,100,0,"0.00",,,"46.07",